pref_code	pref	gov_code	gov_code6	city	city_hiragana
01	北海道	1100	11002	札幌市	さっぽろし
01	北海道	1101	11011	中央区	ちゅうおうく
01	北海道	1102	11029	北区	きたく
01	北海道	1103	11037	東区	ひがしく
01	北海道	1104	11045	白石区	しろいしく
01	北海道	1105	11053	豊平区	とよひらく
01	北海道	1106	11061	南区	みなみく
01	北海道	1107	11070	西区	にしく
01	北海道	1108	11088	厚別区	あつべつく
01	北海道	1109	11096	手稲区	ていねく
01	北海道	1110	11100	清田区	きよたく
01	北海道	1202	12025	函館市	はこだてし
01	北海道	1203	12033	小樽市	おたるし
01	北海道	1204	12041	旭川市	あさひかわし
01	北海道	1205	12050	室蘭市	むろらんし
01	北海道	1206	12068	釧路市	くしろし
01	北海道	1207	12076	帯広市	おびひろし
01	北海道	1208	12084	北見市	きたみし
01	北海道	1209	12092	夕張市	ゆうばりし
01	北海道	1210	12106	岩見沢市	いわみざわし
01	北海道	1211	12114	網走市	あばしりし
01	北海道	1212	12122	留萌市	るもいし
01	北海道	1213	12131	苫小牧市	とまこまいし
01	北海道	1214	12149	稚内市	わっかないし
01	北海道	1215	12157	美唄市	びばいし
01	北海道	1216	12165	芦別市	あしべつし
01	北海道	1217	12173	江別市	えべつし
01	北海道	1218	12181	赤平市	あかびらし
01	北海道	1219	12190	紋別市	もんべつし
01	北海道	1220	12203	士別市	しべつし
01	北海道	1221	12211	名寄市	なよろし
01	北海道	1222	12220	三笠市	みかさし
01	北海道	1223	12238	根室市	ねむろし
01	北海道	1224	12246	千歳市	ちとせし
01	北海道	1225	12254	滝川市	たきかわし
01	北海道	1226	12262	砂川市	すながわし
01	北海道	1227	12271	歌志内市	うたしないし
01	北海道	1228	12289	深川市	ふかがわし
01	北海道	1229	12297	富良野市	ふらのし
01	北海道	1230	12301	登別市	のぼりべつし
01	北海道	1231	12319	恵庭市	えにわし
01	北海道	1233	12335	伊達市	だてし
01	北海道	1234	12343	北広島市	きたひろしまし
01	北海道	1235	12351	石狩市	いしかりし
01	北海道	1236	12360	北斗市	ほくとし
01	北海道	1303	13030	当別町	とうべつちょう
01	北海道	1304	13048	新篠津村	しんしのつむら
01	北海道	1331	13315	松前町	まつまえちょう
01	北海道	1332	13323	福島町	ふくしまちょう
01	北海道	1333	13331	知内町	しりうちちょう
01	北海道	1334	13340	木古内町	きこないちょう
01	北海道	1337	13374	七飯町	ななえちょう
01	北海道	1343	13439	鹿部町	しかべちょう
01	北海道	1345	13455	森町	もりまち
01	北海道	1346	13463	八雲町	やくもちょう
01	北海道	1347	13471	長万部町	おしゃまんべちょう
01	北海道	1361	13617	江差町	えさしちょう
01	北海道	1362	13625	上ノ国町	かみのくにちょう
01	北海道	1363	13633	厚沢部町	あっさぶちょう
01	北海道	1364	13641	乙部町	おとべちょう
01	北海道	1367	13676	奥尻町	おくしりちょう
01	北海道	1370	13706	今金町	いまかねちょう
01	北海道	1371	13714	せたな町	せたなちょう
01	北海道	1391	13919	島牧村	しままきむら
01	北海道	1392	13927	寿都町	すっつちょう
01	北海道	1393	13935	黒松内町	くろまつないちょう
01	北海道	1394	13943	蘭越町	らんこしちょう
01	北海道	1395	13951	ニセコ町	にせこちょう
01	北海道	1396	13960	真狩村	まっかりむら
01	北海道	1397	13978	留寿都村	るすつむら
01	北海道	1398	13986	喜茂別町	きもべつちょう
01	北海道	1399	13994	京極町	きょうごくちょう
01	北海道	1400	14001	倶知安町	くっちゃんちょう
01	北海道	1401	14010	共和町	きょうわちょう
01	北海道	1402	14028	岩内町	いわないちょう
01	北海道	1403	14036	泊村	とまりむら
01	北海道	1404	14044	神恵内村	かもえないむら
01	北海道	1405	14052	積丹町	しゃこたんちょう
01	北海道	1406	14061	古平町	ふるびらちょう
01	北海道	1407	14079	仁木町	にきちょう
01	北海道	1408	14087	余市町	よいちちょう
01	北海道	1409	14095	赤井川村	あかいがわむら
01	北海道	1423	14231	南幌町	なんぽろちょう
01	北海道	1424	14249	奈井江町	ないえちょう
01	北海道	1425	14257	上砂川町	かみすながわちょう
01	北海道	1427	14273	由仁町	ゆにちょう
01	北海道	1428	14281	長沼町	ながぬまちょう
01	北海道	1429	14290	栗山町	くりやまちょう
01	北海道	1430	14303	月形町	つきがたちょう
01	北海道	1431	14311	浦臼町	うらうすちょう
01	北海道	1432	14320	新十津川町	しんとつかわちょう
01	北海道	1433	14338	妹背牛町	もせうしちょう
01	北海道	1434	14346	秩父別町	ちっぷべつちょう
01	北海道	1436	14362	雨竜町	うりゅうちょう
01	北海道	1437	14371	北竜町	ほくりゅうちょう
01	北海道	1438	14389	沼田町	ぬまたちょう
01	北海道	1452	14524	鷹栖町	たかすちょう
01	北海道	1453	14532	東神楽町	ひがしかぐらちょう
01	北海道	1454	14541	当麻町	とうまちょう
01	北海道	1455	14559	比布町	ぴっぷちょう
01	北海道	1456	14567	愛別町	あいべつちょう
01	北海道	1457	14575	上川町	かみかわちょう
01	北海道	1458	14583	東川町	ひがしかわちょう
01	北海道	1459	14591	美瑛町	びえいちょう
01	北海道	1460	14605	上富良野町	かみふらのちょう
01	北海道	1461	14613	中富良野町	なかふらのちょう
01	北海道	1462	14621	南富良野町	みなみふらのちょう
01	北海道	1463	14630	占冠村	しむかっぷむら
01	北海道	1464	14648	和寒町	わっさむちょう
01	北海道	1465	14656	剣淵町	けんぶちちょう
01	北海道	1468	14681	下川町	しもかわちょう
01	北海道	1469	14699	美深町	びふかちょう
01	北海道	1470	14702	音威子府村	おといねっぷむら
01	北海道	1471	14711	中川町	なかがわちょう
01	北海道	1472	14729	幌加内町	ほろかないちょう
01	北海道	1481	14818	増毛町	ましけちょう
01	北海道	1482	14826	小平町	おびらちょう
01	北海道	1483	14834	苫前町	とままえちょう
01	北海道	1484	14842	羽幌町	はぼろちょう
01	北海道	1485	14851	初山別村	しょさんべつむら
01	北海道	1486	14869	遠別町	えんべつちょう
01	北海道	1487	14877	天塩町	てしおちょう
01	北海道	1511	15113	猿払村	さるふつむら
01	北海道	1512	15121	浜頓別町	はまとんべつちょう
01	北海道	1513	15130	中頓別町	なかとんべつちょう
01	北海道	1514	15148	枝幸町	えさしちょう
01	北海道	1516	15164	豊富町	とよとみちょう
01	北海道	1517	15172	礼文町	れぶんちょう
01	北海道	1518	15181	利尻町	りしりちょう
01	北海道	1519	15199	利尻富士町	りしりふじちょう
01	北海道	1520	15202	幌延町	ほろのべちょう
01	北海道	1543	15431	美幌町	びほろちょう
01	北海道	1544	15440	津別町	つべつちょう
01	北海道	1545	15458	斜里町	しゃりちょう
01	北海道	1546	15466	清里町	きよさとちょう
01	北海道	1547	15474	小清水町	こしみずちょう
01	北海道	1549	15491	訓子府町	くんねっぷちょう
01	北海道	1550	15504	置戸町	おけとちょう
01	北海道	1552	15521	佐呂間町	さろまちょう
01	北海道	1555	15555	遠軽町	えんがるちょう
01	北海道	1559	15598	湧別町	ゆうべつちょう
01	北海道	1560	15601	滝上町	たきのうえちょう
01	北海道	1561	15610	興部町	おこっぺちょう
01	北海道	1562	15628	西興部村	にしおこっぺむら
01	北海道	1563	15636	雄武町	おうむちょう
01	北海道	1564	15644	大空町	おおぞらちょう
01	北海道	1571	15717	豊浦町	とようらちょう
01	北海道	1575	15750	壮瞥町	そうべつちょう
01	北海道	1578	15784	白老町	しらおいちょう
01	北海道	1581	15814	厚真町	あつまちょう
01	北海道	1584	15849	洞爺湖町	とうやこちょう
01	北海道	1585	15857	安平町	あびらちょう
01	北海道	1586	15865	むかわ町	むかわちょう
01	北海道	1601	16012	日高町	ひだかちょう
01	北海道	1602	16021	平取町	びらとりちょう
01	北海道	1604	16047	新冠町	にいかっぷちょう
01	北海道	1607	16071	浦河町	うらかわちょう
01	北海道	1608	16080	様似町	さまにちょう
01	北海道	1609	16098	えりも町	えりもちょう
01	北海道	1610	16101	新ひだか町	しんひだかちょう
01	北海道	1631	16314	音更町	おとふけちょう
01	北海道	1632	16322	士幌町	しほろちょう
01	北海道	1633	16331	上士幌町	かみしほろちょう
01	北海道	1634	16349	鹿追町	しかおいちょう
01	北海道	1635	16357	新得町	しんとくちょう
01	北海道	1636	16365	清水町	しみずちょう
01	北海道	1637	16373	芽室町	めむろちょう
01	北海道	1638	16381	中札内村	なかさつないむら
01	北海道	1639	16390	更別村	さらべつむら
01	北海道	1641	16411	大樹町	たいきちょう
01	北海道	1642	16420	広尾町	ひろおちょう
01	北海道	1643	16438	幕別町	まくべつちょう
01	北海道	1644	16446	池田町	いけだちょう
01	北海道	1645	16454	豊頃町	とよころちょう
01	北海道	1646	16462	本別町	ほんべつちょう
01	北海道	1647	16471	足寄町	あしょろちょう
01	北海道	1648	16489	陸別町	りくべつちょう
01	北海道	1649	16497	浦幌町	うらほろちょう
01	北海道	1661	16616	釧路町	くしろちょう
01	北海道	1662	16624	厚岸町	あっけしちょう
01	北海道	1663	16632	浜中町	はまなかちょう
01	北海道	1664	16641	標茶町	しべちゃちょう
01	北海道	1665	16659	弟子屈町	てしかがちょう
01	北海道	1667	16675	鶴居村	つるいむら
01	北海道	1668	16683	白糠町	しらぬかちょう
01	北海道	1691	16918	別海町	べつかいちょう
01	北海道	1692	16926	中標津町	なかしべつちょう
01	北海道	1693	16934	標津町	しべつちょう
01	北海道	1694	16942	羅臼町	らうすちょう
01	北海道	1695	16951	色丹村	しこたんむら
01	北海道	1696	16969	泊村	とまりむら
01	北海道	1697	16977	留夜別村	るよべつむら
01	北海道	1698	16985	留別村	るべつむら
01	北海道	1699	16993	紗那村	しゃなむら
01	北海道	1700	17001	蘂取村	しべとろむら
02	青森県	2201	22012	青森市	あおもりし
02	青森県	2202	22021	弘前市	ひろさきし
02	青森県	2203	22039	八戸市	はちのへし
02	青森県	2204	22047	黒石市	くろいしし
02	青森県	2205	22055	五所川原市	ごしょがわらし
02	青森県	2206	22063	十和田市	とわだし
02	青森県	2207	22071	三沢市	みさわし
02	青森県	2208	22080	むつ市	むつし
02	青森県	2209	22098	つがる市	つがるし
02	青森県	2210	22101	平川市	ひらかわし
02	青森県	2301	23019	平内町	ひらないまち
02	青森県	2303	23035	今別町	いまべつまち
02	青森県	2304	23043	蓬田村	よもぎたむら
02	青森県	2307	23078	外ヶ浜町	そとがはままち
02	青森県	2321	23213	鰺ヶ沢町	あじがさわまち
02	青森県	2323	23230	深浦町	ふかうらまち
02	青森県	2343	23434	西目屋村	にしめやむら
02	青森県	2361	23612	藤崎町	ふじさきまち
02	青森県	2362	23621	大鰐町	おおわにまち
02	青森県	2367	23671	田舎館村	いなかだてむら
02	青森県	2381	23817	板柳町	いたやなぎまち
02	青森県	2384	23841	鶴田町	つるたまち
02	青森県	2387	23876	中泊町	なかどまりまち
02	青森県	2401	24015	野辺地町	のへじまち
02	青森県	2402	24023	七戸町	しちのへまち
02	青森県	2405	24058	六戸町	ろくのへまち
02	青森県	2406	24066	横浜町	よこはままち
02	青森県	2408	24082	東北町	とうほくまち
02	青森県	2411	24112	六ヶ所村	ろっかしょむら
02	青森県	2412	24121	おいらせ町	おいらせちょう
02	青森県	2423	24236	大間町	おおままち
02	青森県	2424	24244	東通村	ひがしどおりむら
02	青森県	2425	24252	風間浦村	かざまうらむら
02	青森県	2426	24261	佐井村	さいむら
02	青森県	2441	24414	三戸町	さんのへまち
02	青森県	2442	24422	五戸町	ごのへまち
02	青森県	2443	24431	田子町	たっこまち
02	青森県	2445	24457	南部町	なんぶちょう
02	青森県	2446	24465	階上町	はしかみちょう
02	青森県	2450	24503	新郷村	しんごうむら
03	岩手県	3201	32018	盛岡市	もりおかし
03	岩手県	3202	32026	宮古市	みやこし
03	岩手県	3203	32034	大船渡市	おおふなとし
03	岩手県	3205	32051	花巻市	はなまきし
03	岩手県	3206	32069	北上市	きたかみし
03	岩手県	3207	32077	久慈市	くじし
03	岩手県	3208	32085	遠野市	とおのし
03	岩手県	3209	32093	一関市	いちのせきし
03	岩手県	3210	32107	陸前高田市	りくぜんたかたし
03	岩手県	3211	32115	釜石市	かまいしし
03	岩手県	3213	32131	二戸市	にのへし
03	岩手県	3214	32140	八幡平市	はちまんたいし
03	岩手県	3215	32158	奥州市	おうしゅうし
03	岩手県	3216	32166	滝沢市	たきざわし
03	岩手県	3301	33014	雫石町	しずくいしちょう
03	岩手県	3302	33022	葛巻町	くずまきまち
03	岩手県	3303	33031	岩手町	いわてまち
03	岩手県	3321	33219	紫波町	しわちょう
03	岩手県	3322	33227	矢巾町	やはばちょう
03	岩手県	3366	33669	西和賀町	にしわがまち
03	岩手県	3381	33812	金ケ崎町	かねがさきちょう
03	岩手県	3402	34029	平泉町	ひらいずみちょう
03	岩手県	3441	34410	住田町	すみたちょう
03	岩手県	3461	34614	大槌町	おおつちちょう
03	岩手県	3482	34827	山田町	やまだまち
03	岩手県	3483	34835	岩泉町	いわいずみちょう
03	岩手県	3484	34843	田野畑村	たのはたむら
03	岩手県	3485	34851	普代村	ふだいむら
03	岩手県	3501	35017	軽米町	かるまいまち
03	岩手県	3503	35033	野田村	のだむら
03	岩手県	3506	35068	九戸村	くのへむら
03	岩手県	3507	35076	洋野町	ひろのちょう
03	岩手県	3524	35246	一戸町	いちのへまち
04	宮城県	4100	41009	仙台市	せんだいし
04	宮城県	4101	41017	青葉区	あおばく
04	宮城県	4102	41025	宮城野区	みやぎのく
04	宮城県	4103	41033	若林区	わかばやしく
04	宮城県	4104	41041	太白区	たいはくく
04	宮城県	4105	41050	泉区	いずみく
04	宮城県	4202	42021	石巻市	いしのまきし
04	宮城県	4203	42030	塩竈市	しおがまし
04	宮城県	4205	42056	気仙沼市	けせんぬまし
04	宮城県	4206	42064	白石市	しろいしし
04	宮城県	4207	42072	名取市	なとりし
04	宮城県	4208	42081	角田市	かくだし
04	宮城県	4209	42099	多賀城市	たがじょうし
04	宮城県	4211	42111	岩沼市	いわぬまし
04	宮城県	4212	42129	登米市	とめし
04	宮城県	4213	42137	栗原市	くりはらし
04	宮城県	4214	42145	東松島市	ひがしまつしまし
04	宮城県	4215	42153	大崎市	おおさきし
04	宮城県	4216	42161	富谷市	とみやし
04	宮城県	4301	43010	蔵王町	ざおうまち
04	宮城県	4302	43028	七ヶ宿町	しちかしゅくまち
04	宮城県	4321	43214	大河原町	おおがわらまち
04	宮城県	4322	43222	村田町	むらたまち
04	宮城県	4323	43231	柴田町	しばたまち
04	宮城県	4324	43249	川崎町	かわさきまち
04	宮城県	4341	43419	丸森町	まるもりまち
04	宮城県	4361	43613	亘理町	わたりちょう
04	宮城県	4362	43621	山元町	やまもとちょう
04	宮城県	4401	44016	松島町	まつしままち
04	宮城県	4404	44041	七ヶ浜町	しちがはままち
04	宮城県	4406	44067	利府町	りふちょう
04	宮城県	4421	44211	大和町	たいわちょう
04	宮城県	4422	44229	大郷町	おおさとちょう
04	宮城県	4424	44245	大衡村	おおひらむら
04	宮城県	4444	44440	色麻町	しかまちょう
04	宮城県	4445	44458	加美町	かみまち
04	宮城県	4501	45012	涌谷町	わくやちょう
04	宮城県	4505	45055	美里町	みさとまち
04	宮城県	4581	45811	女川町	おながわちょう
04	宮城県	4606	46060	南三陸町	みなみさんりくちょう
05	秋田県	5201	52019	秋田市	あきたし
05	秋田県	5202	52027	能代市	のしろし
05	秋田県	5203	52035	横手市	よこてし
05	秋田県	5204	52043	大館市	おおだてし
05	秋田県	5206	52060	男鹿市	おがし
05	秋田県	5207	52078	湯沢市	ゆざわし
05	秋田県	5209	52094	鹿角市	かづのし
05	秋田県	5210	52108	由利本荘市	ゆりほんじょうし
05	秋田県	5211	52116	潟上市	かたがみし
05	秋田県	5212	52124	大仙市	だいせんし
05	秋田県	5213	52132	北秋田市	きたあきたし
05	秋田県	5214	52141	にかほ市	にかほし
05	秋田県	5215	52159	仙北市	せんぼくし
05	秋田県	5303	53031	小坂町	こさかまち
05	秋田県	5327	53279	上小阿仁村	かみこあにむら
05	秋田県	5346	53465	藤里町	ふじさとまち
05	秋田県	5348	53481	三種町	みたねちょう
05	秋田県	5349	53490	八峰町	はっぽうちょう
05	秋田県	5361	53619	五城目町	ごじょうめまち
05	秋田県	5363	53635	八郎潟町	はちろうがたまち
05	秋田県	5366	53660	井川町	いかわまち
05	秋田県	5368	53686	大潟村	おおがたむら
05	秋田県	5434	54348	美郷町	みさとちょう
05	秋田県	5463	54631	羽後町	うごまち
05	秋田県	5464	54640	東成瀬村	ひがしなるせむら
06	山形県	6201	62014	山形市	やまがたし
06	山形県	6202	62022	米沢市	よねざわし
06	山形県	6203	62031	鶴岡市	つるおかし
06	山形県	6204	62049	酒田市	さかたし
06	山形県	6205	62057	新庄市	しんじょうし
06	山形県	6206	62065	寒河江市	さがえし
06	山形県	6207	62073	上山市	かみのやまし
06	山形県	6208	62081	村山市	むらやまし
06	山形県	6209	62090	長井市	ながいし
06	山形県	6210	62103	天童市	てんどうし
06	山形県	6211	62111	東根市	ひがしねし
06	山形県	6212	62120	尾花沢市	おばなざわし
06	山形県	6213	62138	南陽市	なんようし
06	山形県	6301	63011	山辺町	やまのべまち
06	山形県	6302	63029	中山町	なかやままち
06	山形県	6321	63215	河北町	かほくちょう
06	山形県	6322	63223	西川町	にしかわまち
06	山形県	6323	63231	朝日町	あさひまち
06	山形県	6324	63240	大江町	おおえまち
06	山形県	6341	63410	大石田町	おおいしだまち
06	山形県	6361	63614	金山町	かねやままち
06	山形県	6362	63622	最上町	もがみまち
06	山形県	6363	63631	舟形町	ふながたまち
06	山形県	6364	63649	真室川町	まむろがわまち
06	山形県	6365	63657	大蔵村	おおくらむら
06	山形県	6366	63665	鮭川村	さけがわむら
06	山形県	6367	63673	戸沢村	とざわむら
06	山形県	6381	63819	高畠町	たかはたまち
06	山形県	6382	63827	川西町	かわにしまち
06	山形県	6401	64017	小国町	おぐにまち
06	山形県	6402	64025	白鷹町	しらたかまち
06	山形県	6403	64033	飯豊町	いいでまち
06	山形県	6426	64262	三川町	みかわまち
06	山形県	6428	64289	庄内町	しょうないまち
06	山形県	6461	64611	遊佐町	ゆざまち
07	福島県	7201	72010	福島市	ふくしまし
07	福島県	7202	72028	会津若松市	あいづわかまつし
07	福島県	7203	72036	郡山市	こおりやまし
07	福島県	7204	72044	いわき市	いわきし
07	福島県	7205	72052	白河市	しらかわし
07	福島県	7207	72079	須賀川市	すかがわし
07	福島県	7208	72087	喜多方市	きたかたし
07	福島県	7209	72095	相馬市	そうまし
07	福島県	7210	72109	二本松市	にほんまつし
07	福島県	7211	72117	田村市	たむらし
07	福島県	7212	72125	南相馬市	みなみそうまし
07	福島県	7213	72133	伊達市	だてし
07	福島県	7214	72141	本宮市	もとみやし
07	福島県	7301	73016	桑折町	こおりまち
07	福島県	7303	73032	国見町	くにみまち
07	福島県	7308	73083	川俣町	かわまたまち
07	福島県	7322	73229	大玉村	おおたまむら
07	福島県	7342	73423	鏡石町	かがみいしまち
07	福島県	7344	73440	天栄村	てんえいむら
07	福島県	7362	73628	下郷町	しもごうまち
07	福島県	7364	73644	檜枝岐村	ひのえまたむら
07	福島県	7367	73679	只見町	ただみまち
07	福島県	7368	73687	南会津町	みなみあいづまち
07	福島県	7402	74021	北塩原村	きたしおばらむら
07	福島県	7405	74055	西会津町	にしあいづまち
07	福島県	7407	74071	磐梯町	ばんだいまち
07	福島県	7408	74080	猪苗代町	いなわしろまち
07	福島県	7421	74217	会津坂下町	あいづばんげまち
07	福島県	7422	74225	湯川村	ゆがわむら
07	福島県	7423	74233	柳津町	やないづまち
07	福島県	7444	74446	三島町	みしままち
07	福島県	7445	74454	金山町	かねやままち
07	福島県	7446	74462	昭和村	しょうわむら
07	福島県	7447	74471	会津美里町	あいづみさとまち
07	福島県	7461	74616	西郷村	にしごうむら
07	福島県	7464	74641	泉崎村	いずみざきむら
07	福島県	7465	74659	中島村	なかじまむら
07	福島県	7466	74667	矢吹町	やぶきまち
07	福島県	7481	74811	棚倉町	たなぐらまち
07	福島県	7482	74829	矢祭町	やまつりまち
07	福島県	7483	74837	塙町	はなわまち
07	福島県	7484	74845	鮫川村	さめがわむら
07	福島県	7501	75019	石川町	いしかわまち
07	福島県	7502	75027	玉川村	たまかわむら
07	福島県	7503	75035	平田村	ひらたむら
07	福島県	7504	75043	浅川町	あさかわまち
07	福島県	7505	75051	古殿町	ふるどのまち
07	福島県	7521	75213	三春町	みはるまち
07	福島県	7522	75221	小野町	おのまち
07	福島県	7541	75418	広野町	ひろのまち
07	福島県	7542	75426	楢葉町	ならはまち
07	福島県	7543	75434	富岡町	とみおかまち
07	福島県	7544	75442	川内村	かわうちむら
07	福島県	7545	75451	大熊町	おおくままち
07	福島県	7546	75469	双葉町	ふたばまち
07	福島県	7547	75477	浪江町	なみえまち
07	福島県	7548	75485	葛尾村	かつらおむら
07	福島県	7561	75612	新地町	しんちまち
07	福島県	7564	75647	飯舘村	いいたてむら
08	茨城県	8201	82015	水戸市	みとし
08	茨城県	8202	82023	日立市	ひたちし
08	茨城県	8203	82031	土浦市	つちうらし
08	茨城県	8204	82040	古河市	こがし
08	茨城県	8205	82058	石岡市	いしおかし
08	茨城県	8207	82074	結城市	ゆうきし
08	茨城県	8208	82082	龍ケ崎市	りゅうがさきし
08	茨城県	8210	82104	下妻市	しもつまし
08	茨城県	8211	82112	常総市	じょうそうし
08	茨城県	8212	82121	常陸太田市	ひたちおおたし
08	茨城県	8214	82147	高萩市	たかはぎし
08	茨城県	8215	82155	北茨城市	きたいばらきし
08	茨城県	8216	82163	笠間市	かさまし
08	茨城県	8217	82171	取手市	とりでし
08	茨城県	8219	82198	牛久市	うしくし
08	茨城県	8220	82201	つくば市	つくばし
08	茨城県	8221	82210	ひたちなか市	ひたちなかし
08	茨城県	8222	82228	鹿嶋市	かしまし
08	茨城県	8223	82236	潮来市	いたこし
08	茨城県	8224	82244	守谷市	もりやし
08	茨城県	8225	82252	常陸大宮市	ひたちおおみやし
08	茨城県	8226	82261	那珂市	なかし
08	茨城県	8227	82279	筑西市	ちくせいし
08	茨城県	8228	82287	坂東市	ばんどうし
08	茨城県	8229	82295	稲敷市	いなしきし
08	茨城県	8230	82309	かすみがうら市	かすみがうらし
08	茨城県	8231	82317	桜川市	さくらがわし
08	茨城県	8232	82325	神栖市	かみすし
08	茨城県	8233	82333	行方市	なめがたし
08	茨城県	8234	82341	鉾田市	ほこたし
08	茨城県	8235	82350	つくばみらい市	つくばみらいし
08	茨城県	8236	82368	小美玉市	おみたまし
08	茨城県	8302	83020	茨城町	いばらきまち
08	茨城県	8309	83097	大洗町	おおあらいまち
08	茨城県	8310	83101	城里町	しろさとまち
08	茨城県	8341	83411	東海村	とうかいむら
08	茨城県	8364	83640	大子町	だいごまち
08	茨城県	8442	84425	美浦村	みほむら
08	茨城県	8443	84433	阿見町	あみまち
08	茨城県	8447	84476	河内町	かわちまち
08	茨城県	8521	85219	八千代町	やちよまち
08	茨城県	8542	85421	五霞町	ごかまち
08	茨城県	8546	85464	境町	さかいまち
08	茨城県	8564	85642	利根町	とねまち
09	栃木県	9201	92011	宇都宮市	うつのみやし
09	栃木県	9202	92029	足利市	あしかがし
09	栃木県	9203	92037	栃木市	とちぎし
09	栃木県	9204	92045	佐野市	さのし
09	栃木県	9205	92053	鹿沼市	かぬまし
09	栃木県	9206	92061	日光市	にっこうし
09	栃木県	9208	92088	小山市	おやまし
09	栃木県	9209	92096	真岡市	もおかし
09	栃木県	9210	92100	大田原市	おおたわらし
09	栃木県	9211	92118	矢板市	やいたし
09	栃木県	9213	92134	那須塩原市	なすしおばらし
09	栃木県	9214	92142	さくら市	さくらし
09	栃木県	9215	92151	那須烏山市	なすからすやまし
09	栃木県	9216	92169	下野市	しもつけし
09	栃木県	9301	93017	上三川町	かみのかわまち
09	栃木県	9342	93424	益子町	ましこまち
09	栃木県	9343	93432	茂木町	もてぎまち
09	栃木県	9344	93441	市貝町	いちかいまち
09	栃木県	9345	93459	芳賀町	はがまち
09	栃木県	9361	93611	壬生町	みぶまち
09	栃木県	9364	93645	野木町	のぎまち
09	栃木県	9384	93840	塩谷町	しおやまち
09	栃木県	9386	93866	高根沢町	たかねざわまち
09	栃木県	9407	94072	那須町	なすまち
09	栃木県	9411	94111	那珂川町	なかがわまち
10	群馬県	10201	102016	前橋市	まえばしし
10	群馬県	10202	102024	高崎市	たかさきし
10	群馬県	10203	102032	桐生市	きりゅうし
10	群馬県	10204	102041	伊勢崎市	いせさきし
10	群馬県	10205	102059	太田市	おおたし
10	群馬県	10206	102067	沼田市	ぬまたし
10	群馬県	10207	102075	館林市	たてばやしし
10	群馬県	10208	102083	渋川市	しぶかわし
10	群馬県	10209	102091	藤岡市	ふじおかし
10	群馬県	10210	102105	富岡市	とみおかし
10	群馬県	10211	102113	安中市	あんなかし
10	群馬県	10212	102121	みどり市	みどりし
10	群馬県	10344	103446	榛東村	しんとうむら
10	群馬県	10345	103454	吉岡町	よしおかまち
10	群馬県	10366	103667	上野村	うえのむら
10	群馬県	10367	103675	神流町	かんなまち
10	群馬県	10382	103829	下仁田町	しもにたまち
10	群馬県	10383	103837	南牧村	なんもくむら
10	群馬県	10384	103845	甘楽町	かんらまち
10	群馬県	10421	104213	中之条町	なかのじょうまち
10	群馬県	10424	104248	長野原町	ながのはらまち
10	群馬県	10425	104256	嬬恋村	つまごいむら
10	群馬県	10426	104264	草津町	くさつまち
10	群馬県	10428	104281	高山村	たかやまむら
10	群馬県	10429	104299	東吾妻町	ひがしあがつままち
10	群馬県	10443	104434	片品村	かたしなむら
10	群馬県	10444	104442	川場村	かわばむら
10	群馬県	10448	104485	昭和村	しょうわむら
10	群馬県	10449	104493	みなかみ町	みなかみまち
10	群馬県	10464	104647	玉村町	たまむらまち
10	群馬県	10521	105210	板倉町	いたくらまち
10	群馬県	10522	105228	明和町	めいわまち
10	群馬県	10523	105236	千代田町	ちよだまち
10	群馬県	10524	105244	大泉町	おおいずみまち
10	群馬県	10525	105252	邑楽町	おうらまち
11	埼玉県	11100	111007	さいたま市	さいたまし
11	埼玉県	11101	111015	西区	にしく
11	埼玉県	11102	111023	北区	きたく
11	埼玉県	11103	111031	大宮区	おおみやく
11	埼玉県	11104	111040	見沼区	みぬまく
11	埼玉県	11105	111058	中央区	ちゅうおうく
11	埼玉県	11106	111066	桜区	さくらく
11	埼玉県	11107	111074	浦和区	うらわく
11	埼玉県	11108	111082	南区	みなみく
11	埼玉県	11109	111091	緑区	みどりく
11	埼玉県	11110	111104	岩槻区	いわつきく
11	埼玉県	11201	112011	川越市	かわごえし
11	埼玉県	11202	112020	熊谷市	くまがやし
11	埼玉県	11203	112038	川口市	かわぐちし
11	埼玉県	11206	112062	行田市	ぎょうだし
11	埼玉県	11207	112071	秩父市	ちちぶし
11	埼玉県	11208	112089	所沢市	ところざわし
11	埼玉県	11209	112097	飯能市	はんのうし
11	埼玉県	11210	112101	加須市	かぞし
11	埼玉県	11211	112119	本庄市	ほんじょうし
11	埼玉県	11212	112127	東松山市	ひがしまつやまし
11	埼玉県	11214	112143	春日部市	かすかべし
11	埼玉県	11215	112151	狭山市	さやまし
11	埼玉県	11216	112160	羽生市	はにゅうし
11	埼玉県	11217	112178	鴻巣市	こうのすし
11	埼玉県	11218	112186	深谷市	ふかやし
11	埼玉県	11219	112194	上尾市	あげおし
11	埼玉県	11221	112216	草加市	そうかし
11	埼玉県	11222	112224	越谷市	こしがやし
11	埼玉県	11223	112232	蕨市	わらびし
11	埼玉県	11224	112241	戸田市	とだし
11	埼玉県	11225	112259	入間市	いるまし
11	埼玉県	11227	112275	朝霞市	あさかし
11	埼玉県	11228	112283	志木市	しきし
11	埼玉県	11229	112291	和光市	わこうし
11	埼玉県	11230	112305	新座市	にいざし
11	埼玉県	11231	112313	桶川市	おけがわし
11	埼玉県	11232	112321	久喜市	くきし
11	埼玉県	11233	112330	北本市	きたもとし
11	埼玉県	11234	112348	八潮市	やしおし
11	埼玉県	11235	112356	富士見市	ふじみし
11	埼玉県	11237	112372	三郷市	みさとし
11	埼玉県	11238	112381	蓮田市	はすだし
11	埼玉県	11239	112399	坂戸市	さかどし
11	埼玉県	11240	112402	幸手市	さってし
11	埼玉県	11241	112411	鶴ヶ島市	つるがしまし
11	埼玉県	11242	112429	日高市	ひだかし
11	埼玉県	11243	112437	吉川市	よしかわし
11	埼玉県	11245	112453	ふじみ野市	ふじみのし
11	埼玉県	11246	112461	白岡市	しらおかし
11	埼玉県	11301	113018	伊奈町	いなまち
11	埼玉県	11324	113247	三芳町	みよしまち
11	埼玉県	11326	113263	毛呂山町	もろやままち
11	埼玉県	11327	113271	越生町	おごせまち
11	埼玉県	11341	113417	滑川町	なめがわまち
11	埼玉県	11342	113425	嵐山町	らんざんまち
11	埼玉県	11343	113433	小川町	おがわまち
11	埼玉県	11346	113468	川島町	かわじままち
11	埼玉県	11347	113476	吉見町	よしみまち
11	埼玉県	11348	113484	鳩山町	はとやままち
11	埼玉県	11349	113492	ときがわ町	ときがわまち
11	埼玉県	11361	113611	横瀬町	よこぜまち
11	埼玉県	11362	113620	皆野町	みなのまち
11	埼玉県	11363	113638	長瀞町	ながとろまち
11	埼玉県	11365	113654	小鹿野町	おがのまち
11	埼玉県	11369	113697	東秩父村	ひがしちちぶむら
11	埼玉県	11381	113816	美里町	みさとまち
11	埼玉県	11383	113832	神川町	かみかわまち
11	埼玉県	11385	113859	上里町	かみさとまち
11	埼玉県	11408	114081	寄居町	よりいまち
11	埼玉県	11442	114421	宮代町	みやしろまち
11	埼玉県	11464	114642	杉戸町	すぎとまち
11	埼玉県	11465	114651	松伏町	まつぶしまち
12	千葉県	12100	121002	千葉市	ちばし
12	千葉県	12101	121011	中央区	ちゅうおうく
12	千葉県	12102	121029	花見川区	はなみがわく
12	千葉県	12103	121037	稲毛区	いなげく
12	千葉県	12104	121045	若葉区	わかばく
12	千葉県	12105	121053	緑区	みどりく
12	千葉県	12106	121061	美浜区	みはまく
12	千葉県	12202	122025	銚子市	ちょうしし
12	千葉県	12203	122033	市川市	いちかわし
12	千葉県	12204	122041	船橋市	ふなばしし
12	千葉県	12205	122050	館山市	たてやまし
12	千葉県	12206	122068	木更津市	きさらづし
12	千葉県	12207	122076	松戸市	まつどし
12	千葉県	12208	122084	野田市	のだし
12	千葉県	12210	122106	茂原市	もばらし
12	千葉県	12211	122114	成田市	なりたし
12	千葉県	12212	122122	佐倉市	さくらし
12	千葉県	12213	122131	東金市	とうがねし
12	千葉県	12215	122157	旭市	あさひし
12	千葉県	12216	122165	習志野市	ならしのし
12	千葉県	12217	122173	柏市	かしわし
12	千葉県	12218	122181	勝浦市	かつうらし
12	千葉県	12219	122190	市原市	いちはらし
12	千葉県	12220	122203	流山市	ながれやまし
12	千葉県	12221	122211	八千代市	やちよし
12	千葉県	12222	122220	我孫子市	あびこし
12	千葉県	12223	122238	鴨川市	かもがわし
12	千葉県	12224	122246	鎌ケ谷市	かまがやし
12	千葉県	12225	122254	君津市	きみつし
12	千葉県	12226	122262	富津市	ふっつし
12	千葉県	12227	122271	浦安市	うらやすし
12	千葉県	12228	122289	四街道市	よつかいどうし
12	千葉県	12229	122297	袖ケ浦市	そでがうらし
12	千葉県	12230	122301	八街市	やちまたし
12	千葉県	12231	122319	印西市	いんざいし
12	千葉県	12232	122327	白井市	しろいし
12	千葉県	12233	122335	富里市	とみさとし
12	千葉県	12234	122343	南房総市	みなみぼうそうし
12	千葉県	12235	122351	匝瑳市	そうさし
12	千葉県	12236	122360	香取市	かとりし
12	千葉県	12237	122378	山武市	さんむし
12	千葉県	12238	122386	いすみ市	いすみし
12	千葉県	12239	122394	大網白里市	おおあみしらさとし
12	千葉県	12322	123226	酒々井町	しすいまち
12	千葉県	12329	123293	栄町	さかえまち
12	千葉県	12342	123421	神崎町	こうざきまち
12	千葉県	12347	123471	多古町	たこまち
12	千葉県	12349	123498	東庄町	とうのしょうまち
12	千葉県	12403	124036	九十九里町	くじゅうくりまち
12	千葉県	12409	124095	芝山町	しばやままち
12	千葉県	12410	124109	横芝光町	よこしばひかりまち
12	千葉県	12421	124214	一宮町	いちのみやまち
12	千葉県	12422	124222	睦沢町	むつざわまち
12	千葉県	12423	124231	長生村	ちょうせいむら
12	千葉県	12424	124249	白子町	しらこまち
12	千葉県	12426	124265	長柄町	ながらまち
12	千葉県	12427	124273	長南町	ちょうなんまち
12	千葉県	12441	124419	大多喜町	おおたきまち
12	千葉県	12443	124435	御宿町	おんじゅくまち
12	千葉県	12463	124630	鋸南町	きょなんまち
13	東京都	13101	131016	千代田区	ちよだく
13	東京都	13102	131024	中央区	ちゅうおうく
13	東京都	13103	131032	港区	みなとく
13	東京都	13104	131041	新宿区	しんじゅくく
13	東京都	13105	131059	文京区	ぶんきょうく
13	東京都	13106	131067	台東区	たいとうく
13	東京都	13107	131075	墨田区	すみだく
13	東京都	13108	131083	江東区	こうとうく
13	東京都	13109	131091	品川区	しながわく
13	東京都	13110	131105	目黒区	めぐろく
13	東京都	13111	131113	大田区	おおたく
13	東京都	13112	131121	世田谷区	せたがやく
13	東京都	13113	131130	渋谷区	しぶやく
13	東京都	13114	131148	中野区	なかのく
13	東京都	13115	131156	杉並区	すぎなみく
13	東京都	13116	131164	豊島区	としまく
13	東京都	13117	131172	北区	きたく
13	東京都	13118	131181	荒川区	あらかわく
13	東京都	13119	131199	板橋区	いたばしく
13	東京都	13120	131202	練馬区	ねりまく
13	東京都	13121	131211	足立区	あだちく
13	東京都	13122	131229	葛飾区	かつしかく
13	東京都	13123	131237	江戸川区	えどがわく
13	東京都	13201	132012	八王子市	はちおうじし
13	東京都	13202	132021	立川市	たちかわし
13	東京都	13203	132039	武蔵野市	むさしのし
13	東京都	13204	132047	三鷹市	みたかし
13	東京都	13205	132055	青梅市	おうめし
13	東京都	13206	132063	府中市	ふちゅうし
13	東京都	13207	132071	昭島市	あきしまし
13	東京都	13208	132080	調布市	ちょうふし
13	東京都	13209	132098	町田市	まちだし
13	東京都	13210	132101	小金井市	こがねいし
13	東京都	13211	132110	小平市	こだいらし
13	東京都	13212	132128	日野市	ひのし
13	東京都	13213	132136	東村山市	ひがしむらやまし
13	東京都	13214	132144	国分寺市	こくぶんじし
13	東京都	13215	132152	国立市	くにたちし
13	東京都	13218	132187	福生市	ふっさし
13	東京都	13219	132195	狛江市	こまえし
13	東京都	13220	132209	東大和市	ひがしやまとし
13	東京都	13221	132217	清瀬市	きよせし
13	東京都	13222	132225	東久留米市	ひがしくるめし
13	東京都	13223	132233	武蔵村山市	むさしむらやまし
13	東京都	13224	132241	多摩市	たまし
13	東京都	13225	132250	稲城市	いなぎし
13	東京都	13227	132276	羽村市	はむらし
13	東京都	13228	132284	あきる野市	あきるのし
13	東京都	13229	132292	西東京市	にしとうきょうし
13	東京都	13303	133035	瑞穂町	みずほまち
13	東京都	13305	133051	日の出町	ひのでまち
13	東京都	13307	133078	檜原村	ひのはらむら
13	東京都	13308	133086	奥多摩町	おくたままち
13	東京都	13361	133612	大島町	おおしままち
13	東京都	13362	133621	利島村	としまむら
13	東京都	13363	133639	新島村	にいじまむら
13	東京都	13364	133647	神津島村	こうづしまむら
13	東京都	13381	133817	三宅村	みやけむら
13	東京都	13382	133825	御蔵島村	みくらじまむら
13	東京都	13401	134015	八丈町	はちじょうまち
13	東京都	13402	134023	青ヶ島村	あおがしまむら
13	東京都	13421	134210	小笠原村	おがさわらむら
14	神奈川県	14100	141003	横浜市	よこはまし
14	神奈川県	14101	141011	鶴見区	つるみく
14	神奈川県	14102	141020	神奈川区	かながわく
14	神奈川県	14103	141038	西区	にしく
14	神奈川県	14104	141046	中区	なかく
14	神奈川県	14105	141054	南区	みなみく
14	神奈川県	14106	141062	保土ケ谷区	ほどがやく
14	神奈川県	14107	141071	磯子区	いそごく
14	神奈川県	14108	141089	金沢区	かなざわく
14	神奈川県	14109	141097	港北区	こうほくく
14	神奈川県	14110	141101	戸塚区	とつかく
14	神奈川県	14111	141119	港南区	こうなんく
14	神奈川県	14112	141127	旭区	あさひく
14	神奈川県	14113	141135	緑区	みどりく
14	神奈川県	14114	141143	瀬谷区	せやく
14	神奈川県	14115	141151	栄区	さかえく
14	神奈川県	14116	141160	泉区	いずみく
14	神奈川県	14117	141178	青葉区	あおばく
14	神奈川県	14118	141186	都筑区	つづきく
14	神奈川県	14130	141305	川崎市	かわさきし
14	神奈川県	14131	141313	川崎区	かわさきく
14	神奈川県	14132	141321	幸区	さいわいく
14	神奈川県	14133	141330	中原区	なかはらく
14	神奈川県	14134	141348	高津区	たかつく
14	神奈川県	14135	141356	多摩区	たまく
14	神奈川県	14136	141364	宮前区	みやまえく
14	神奈川県	14137	141372	麻生区	あさおく
14	神奈川県	14150	141500	相模原市	さがみはらし
14	神奈川県	14151	141518	緑区	みどりく
14	神奈川県	14152	141526	中央区	ちゅうおうく
14	神奈川県	14153	141534	南区	みなみく
14	神奈川県	14201	142018	横須賀市	よこすかし
14	神奈川県	14203	142034	平塚市	ひらつかし
14	神奈川県	14204	142042	鎌倉市	かまくらし
14	神奈川県	14205	142051	藤沢市	ふじさわし
14	神奈川県	14206	142069	小田原市	おだわらし
14	神奈川県	14207	142077	茅ヶ崎市	ちがさきし
14	神奈川県	14208	142085	逗子市	ずしし
14	神奈川県	14210	142107	三浦市	みうらし
14	神奈川県	14211	142115	秦野市	はだのし
14	神奈川県	14212	142123	厚木市	あつぎし
14	神奈川県	14213	142131	大和市	やまとし
14	神奈川県	14214	142140	伊勢原市	いせはらし
14	神奈川県	14215	142158	海老名市	えびなし
14	神奈川県	14216	142166	座間市	ざまし
14	神奈川県	14217	142174	南足柄市	みなみあしがらし
14	神奈川県	14218	142182	綾瀬市	あやせし
14	神奈川県	14301	143014	葉山町	はやままち
14	神奈川県	14321	143219	寒川町	さむかわまち
14	神奈川県	14341	143413	大磯町	おおいそまち
14	神奈川県	14342	143421	二宮町	にのみやまち
14	神奈川県	14361	143618	中井町	なかいまち
14	神奈川県	14362	143626	大井町	おおいまち
14	神奈川県	14363	143634	松田町	まつだまち
14	神奈川県	14364	143642	山北町	やまきたまち
14	神奈川県	14366	143669	開成町	かいせいまち
14	神奈川県	14382	143821	箱根町	はこねまち
14	神奈川県	14383	143839	真鶴町	まなづるまち
14	神奈川県	14384	143847	湯河原町	ゆがわらまち
14	神奈川県	14401	144011	愛川町	あいかわまち
14	神奈川県	14402	144029	清川村	きよかわむら
15	新潟県	15100	151009	新潟市	にいがたし
15	新潟県	15101	151017	北区	きたく
15	新潟県	15102	151025	東区	ひがしく
15	新潟県	15103	151033	中央区	ちゅうおうく
15	新潟県	15104	151041	江南区	こうなんく
15	新潟県	15105	151050	秋葉区	あきはく
15	新潟県	15106	151068	南区	みなみく
15	新潟県	15107	151076	西区	にしく
15	新潟県	15108	151084	西蒲区	にしかんく
15	新潟県	15202	152021	長岡市	ながおかし
15	新潟県	15204	152048	三条市	さんじょうし
15	新潟県	15205	152056	柏崎市	かしわざきし
15	新潟県	15206	152064	新発田市	しばたし
15	新潟県	15208	152081	小千谷市	おぢやし
15	新潟県	15209	152099	加茂市	かもし
15	新潟県	15210	152102	十日町市	とおかまちし
15	新潟県	15211	152111	見附市	みつけし
15	新潟県	15212	152129	村上市	むらかみし
15	新潟県	15213	152137	燕市	つばめし
15	新潟県	15216	152161	糸魚川市	いといがわし
15	新潟県	15217	152170	妙高市	みょうこうし
15	新潟県	15218	152188	五泉市	ごせんし
15	新潟県	15222	152226	上越市	じょうえつし
15	新潟県	15223	152234	阿賀野市	あがのし
15	新潟県	15224	152242	佐渡市	さどし
15	新潟県	15225	152251	魚沼市	うおぬまし
15	新潟県	15226	152269	南魚沼市	みなみうおぬまし
15	新潟県	15227	152277	胎内市	たいないし
15	新潟県	15307	153079	聖籠町	せいろうまち
15	新潟県	15342	153427	弥彦村	やひこむら
15	新潟県	15361	153613	田上町	たがみまち
15	新潟県	15385	153851	阿賀町	あがまち
15	新潟県	15405	154059	出雲崎町	いずもざきまち
15	新潟県	15461	154610	湯沢町	ゆざわまち
15	新潟県	15482	154822	津南町	つなんまち
15	新潟県	15504	155047	刈羽村	かりわむら
15	新潟県	15581	155811	関川村	せきかわむら
15	新潟県	15586	155861	粟島浦村	あわしまうらむら
16	富山県	16201	162019	富山市	とやまし
16	富山県	16202	162027	高岡市	たかおかし
16	富山県	16204	162043	魚津市	うおづし
16	富山県	16205	162051	氷見市	ひみし
16	富山県	16206	162060	滑川市	なめりかわし
16	富山県	16207	162078	黒部市	くろべし
16	富山県	16208	162086	砺波市	となみし
16	富山県	16209	162094	小矢部市	おやべし
16	富山県	16210	162108	南砺市	なんとし
16	富山県	16211	162116	射水市	いみずし
16	富山県	16321	163210	舟橋村	ふなはしむら
16	富山県	16322	163228	上市町	かみいちまち
16	富山県	16323	163236	立山町	たてやままち
16	富山県	16342	163422	入善町	にゅうぜんまち
16	富山県	16343	163431	朝日町	あさひまち
17	石川県	17201	172014	金沢市	かなざわし
17	石川県	17202	172022	七尾市	ななおし
17	石川県	17203	172031	小松市	こまつし
17	石川県	17204	172049	輪島市	わじまし
17	石川県	17205	172057	珠洲市	すずし
17	石川県	17206	172065	加賀市	かがし
17	石川県	17207	172073	羽咋市	はくいし
17	石川県	17209	172090	かほく市	かほくし
17	石川県	17210	172103	白山市	はくさんし
17	石川県	17211	172111	能美市	のみし
17	石川県	17212	172120	野々市市	ののいちし
17	石川県	17324	173240	川北町	かわきたまち
17	石川県	17361	173614	津幡町	つばたまち
17	石川県	17365	173657	内灘町	うちなだまち
17	石川県	17384	173843	志賀町	しかまち
17	石川県	17386	173860	宝達志水町	ほうだつしみずちょう
17	石川県	17407	174076	中能登町	なかのとまち
17	石川県	17461	174611	穴水町	あなみずまち
17	石川県	17463	174637	能登町	のとちょう
18	福井県	18201	182010	福井市	ふくいし
18	福井県	18202	182028	敦賀市	つるがし
18	福井県	18204	182044	小浜市	おばまし
18	福井県	18205	182052	大野市	おおのし
18	福井県	18206	182061	勝山市	かつやまし
18	福井県	18207	182079	鯖江市	さばえし
18	福井県	18208	182087	あわら市	あわらし
18	福井県	18209	182095	越前市	えちぜんし
18	福井県	18210	182109	坂井市	さかいし
18	福井県	18322	183229	永平寺町	えいへいじちょう
18	福井県	18382	183822	池田町	いけだちょう
18	福井県	18404	184047	南越前町	みなみえちぜんちょう
18	福井県	18423	184233	越前町	えちぜんちょう
18	福井県	18442	184420	美浜町	みはまちょう
18	福井県	18481	184811	高浜町	たかはまちょう
18	福井県	18483	184837	おおい町	おおいちょう
18	福井県	18501	185019	若狭町	わかさちょう
19	山梨県	19201	192015	甲府市	こうふし
19	山梨県	19202	192023	富士吉田市	ふじよしだし
19	山梨県	19204	192040	都留市	つるし
19	山梨県	19205	192058	山梨市	やまなしし
19	山梨県	19206	192066	大月市	おおつきし
19	山梨県	19207	192074	韮崎市	にらさきし
19	山梨県	19208	192082	南アルプス市	みなみあるぷすし
19	山梨県	19209	192091	北杜市	ほくとし
19	山梨県	19210	192104	甲斐市	かいし
19	山梨県	19211	192112	笛吹市	ふえふきし
19	山梨県	19212	192121	上野原市	うえのはらし
19	山梨県	19213	192139	甲州市	こうしゅうし
19	山梨県	19214	192147	中央市	ちゅうおうし
19	山梨県	19346	193461	市川三郷町	いちかわみさとちょう
19	山梨県	19364	193640	早川町	はやかわちょう
19	山梨県	19365	193658	身延町	みのぶちょう
19	山梨県	19366	193666	南部町	なんぶちょう
19	山梨県	19368	193682	富士川町	ふじかわちょう
19	山梨県	19384	193844	昭和町	しょうわちょう
19	山梨県	19422	194221	道志村	どうしむら
19	山梨県	19423	194239	西桂町	にしかつらちょう
19	山梨県	19424	194247	忍野村	おしのむら
19	山梨県	19425	194255	山中湖村	やまなかこむら
19	山梨県	19429	194298	鳴沢村	なるさわむら
19	山梨県	19430	194301	富士河口湖町	ふじかわぐちこまち
19	山梨県	19442	194425	小菅村	こすげむら
19	山梨県	19443	194433	丹波山村	たばやまむら
20	長野県	20201	202011	長野市	ながのし
20	長野県	20202	202029	松本市	まつもとし
20	長野県	20203	202037	上田市	うえだし
20	長野県	20204	202045	岡谷市	おかやし
20	長野県	20205	202053	飯田市	いいだし
20	長野県	20206	202061	諏訪市	すわし
20	長野県	20207	202070	須坂市	すざかし
20	長野県	20208	202088	小諸市	こもろし
20	長野県	20209	202096	伊那市	いなし
20	長野県	20210	202100	駒ヶ根市	こまがねし
20	長野県	20211	202118	中野市	なかのし
20	長野県	20212	202126	大町市	おおまちし
20	長野県	20213	202134	飯山市	いいやまし
20	長野県	20214	202142	茅野市	ちのし
20	長野県	20215	202151	塩尻市	しおじりし
20	長野県	20217	202177	佐久市	さくし
20	長野県	20218	202185	千曲市	ちくまし
20	長野県	20219	202193	東御市	とうみし
20	長野県	20220	202207	安曇野市	あづみのし
20	長野県	20303	203033	小海町	こうみまち
20	長野県	20304	203041	川上村	かわかみむら
20	長野県	20305	203050	南牧村	みなみまきむら
20	長野県	20306	203068	南相木村	みなみあいきむら
20	長野県	20307	203076	北相木村	きたあいきむら
20	長野県	20309	203092	佐久穂町	さくほまち
20	長野県	20321	203211	軽井沢町	かるいざわまち
20	長野県	20323	203238	御代田町	みよたまち
20	長野県	20324	203246	立科町	たてしなまち
20	長野県	20349	203491	青木村	あおきむら
20	長野県	20350	203505	長和町	ながわまち
20	長野県	20361	203611	下諏訪町	しもすわまち
20	長野県	20362	203629	富士見町	ふじみまち
20	長野県	20363	203637	原村	はらむら
20	長野県	20382	203823	辰野町	たつのまち
20	長野県	20383	203831	箕輪町	みのわまち
20	長野県	20384	203840	飯島町	いいじままち
20	長野県	20385	203858	南箕輪村	みなみみのわむら
20	長野県	20386	203866	中川村	なかがわむら
20	長野県	20388	203882	宮田村	みやだむら
20	長野県	20402	204021	松川町	まつかわまち
20	長野県	20403	204030	高森町	たかもりまち
20	長野県	20404	204048	阿南町	あなんちょう
20	長野県	20407	204072	阿智村	あちむら
20	長野県	20409	204099	平谷村	ひらやむら
20	長野県	20410	204102	根羽村	ねばむら
20	長野県	20411	204111	下條村	しもじょうむら
20	長野県	20412	204129	売木村	うるぎむら
20	長野県	20413	204137	天龍村	てんりゅうむら
20	長野県	20414	204145	泰阜村	やすおかむら
20	長野県	20415	204153	喬木村	たかぎむら
20	長野県	20416	204161	豊丘村	とよおかむら
20	長野県	20417	204170	大鹿村	おおしかむら
20	長野県	20422	204226	上松町	あげまつまち
20	長野県	20423	204234	南木曽町	なぎそまち
20	長野県	20425	204251	木祖村	きそむら
20	長野県	20429	204293	王滝村	おうたきむら
20	長野県	20430	204307	大桑村	おおくわむら
20	長野県	20432	204323	木曽町	きそまち
20	長野県	20446	204463	麻績村	おみむら
20	長野県	20448	204480	生坂村	いくさかむら
20	長野県	20450	204501	山形村	やまがたむら
20	長野県	20451	204510	朝日村	あさひむら
20	長野県	20452	204528	筑北村	ちくほくむら
20	長野県	20481	204811	池田町	いけだまち
20	長野県	20482	204820	松川村	まつかわむら
20	長野県	20485	204854	白馬村	はくばむら
20	長野県	20486	204862	小谷村	おたりむら
20	長野県	20521	205214	坂城町	さかきまち
20	長野県	20541	205419	小布施町	おぶせまち
20	長野県	20543	205435	高山村	たかやまむら
20	長野県	20561	205613	山ノ内町	やまのうちまち
20	長野県	20562	205621	木島平村	きじまだいらむら
20	長野県	20563	205630	野沢温泉村	のざわおんせんむら
20	長野県	20583	205834	信濃町	しなのまち
20	長野県	20588	205885	小川村	おがわむら
20	長野県	20590	205907	飯綱町	いいづなまち
20	長野県	20602	206024	栄村	さかえむら
21	岐阜県	21201	212016	岐阜市	ぎふし
21	岐阜県	21202	212024	大垣市	おおがきし
21	岐阜県	21203	212032	高山市	たかやまし
21	岐阜県	21204	212041	多治見市	たじみし
21	岐阜県	21205	212059	関市	せきし
21	岐阜県	21206	212067	中津川市	なかつがわし
21	岐阜県	21207	212075	美濃市	みのし
21	岐阜県	21208	212083	瑞浪市	みずなみし
21	岐阜県	21209	212091	羽島市	はしまし
21	岐阜県	21210	212105	恵那市	えなし
21	岐阜県	21211	212113	美濃加茂市	みのかもし
21	岐阜県	21212	212121	土岐市	ときし
21	岐阜県	21213	212130	各務原市	かかみがはらし
21	岐阜県	21214	212148	可児市	かにし
21	岐阜県	21215	212156	山県市	やまがたし
21	岐阜県	21216	212164	瑞穂市	みずほし
21	岐阜県	21217	212172	飛騨市	ひだし
21	岐阜県	21218	212181	本巣市	もとすし
21	岐阜県	21219	212199	郡上市	ぐじょうし
21	岐阜県	21220	212202	下呂市	げろし
21	岐阜県	21221	212211	海津市	かいづし
21	岐阜県	21302	213021	岐南町	ぎなんちょう
21	岐阜県	21303	213039	笠松町	かさまつちょう
21	岐阜県	21341	213411	養老町	ようろうちょう
21	岐阜県	21361	213616	垂井町	たるいちょう
21	岐阜県	21362	213624	関ケ原町	せきがはらちょう
21	岐阜県	21381	213811	神戸町	ごうどちょう
21	岐阜県	21382	213829	輪之内町	わのうちちょう
21	岐阜県	21383	213837	安八町	あんぱちちょう
21	岐阜県	21401	214019	揖斐川町	いびがわちょう
21	岐阜県	21403	214035	大野町	おおのちょう
21	岐阜県	21404	214043	池田町	いけだちょう
21	岐阜県	21421	214213	北方町	きたがたちょう
21	岐阜県	21501	215015	坂祝町	さかほぎちょう
21	岐阜県	21502	215023	富加町	とみかちょう
21	岐阜県	21503	215031	川辺町	かわべちょう
21	岐阜県	21504	215040	七宗町	ひちそうちょう
21	岐阜県	21505	215058	八百津町	やおつちょう
21	岐阜県	21506	215066	白川町	しらかわちょう
21	岐阜県	21507	215074	東白川村	ひがししらかわむら
21	岐阜県	21521	215210	御嵩町	みたけちょう
21	岐阜県	21604	216046	白川村	しらかわむら
22	静岡県	22100	221007	静岡市	しずおかし
22	静岡県	22101	221015	葵区	あおいく
22	静岡県	22102	221023	駿河区	するがく
22	静岡県	22103	221031	清水区	しみずく
22	静岡県	22130	221309	浜松市	はままつし
22	静岡県	22131	221317	中区	なかく
22	静岡県	22132	221325	東区	ひがしく
22	静岡県	22133	221333	西区	にしく
22	静岡県	22134	221341	南区	みなみく
22	静岡県	22135	221350	北区	きたく
22	静岡県	22136	221368	浜北区	はまきたく
22	静岡県	22137	221376	天竜区	てんりゅうく
22	静岡県	22203	222038	沼津市	ぬまづし
22	静岡県	22205	222054	熱海市	あたみし
22	静岡県	22206	222062	三島市	みしまし
22	静岡県	22207	222071	富士宮市	ふじのみやし
22	静岡県	22208	222089	伊東市	いとうし
22	静岡県	22209	222097	島田市	しまだし
22	静岡県	22210	222101	富士市	ふじし
22	静岡県	22211	222119	磐田市	いわたし
22	静岡県	22212	222127	焼津市	やいづし
22	静岡県	22213	222135	掛川市	かけがわし
22	静岡県	22214	222143	藤枝市	ふじえだし
22	静岡県	22215	222151	御殿場市	ごてんばし
22	静岡県	22216	222160	袋井市	ふくろいし
22	静岡県	22219	222194	下田市	しもだし
22	静岡県	22220	222208	裾野市	すそのし
22	静岡県	22221	222216	湖西市	こさいし
22	静岡県	22222	222224	伊豆市	いずし
22	静岡県	22223	222232	御前崎市	おまえざきし
22	静岡県	22224	222241	菊川市	きくがわし
22	静岡県	22225	222259	伊豆の国市	いずのくにし
22	静岡県	22226	222267	牧之原市	まきのはらし
22	静岡県	22301	223018	東伊豆町	ひがしいずちょう
22	静岡県	22302	223026	河津町	かわづちょう
22	静岡県	22304	223042	南伊豆町	みなみいずちょう
22	静岡県	22305	223051	松崎町	まつざきちょう
22	静岡県	22306	223069	西伊豆町	にしいずちょう
22	静岡県	22325	223255	函南町	かんなみちょう
22	静岡県	22341	223417	清水町	しみずちょう
22	静岡県	22342	223425	長泉町	ながいずみちょう
22	静岡県	22344	223441	小山町	おやまちょう
22	静岡県	22424	224243	吉田町	よしだちょう
22	静岡県	22429	224294	川根本町	かわねほんちょう
22	静岡県	22461	224618	森町	もりまち
23	愛知県	23100	231002	名古屋市	なごやし
23	愛知県	23101	231011	千種区	ちくさく
23	愛知県	23102	231029	東区	ひがしく
23	愛知県	23103	231037	北区	きたく
23	愛知県	23104	231045	西区	にしく
23	愛知県	23105	231053	中村区	なかむらく
23	愛知県	23106	231061	中区	なかく
23	愛知県	23107	231070	昭和区	しょうわく
23	愛知県	23108	231088	瑞穂区	みずほく
23	愛知県	23109	231096	熱田区	あつたく
23	愛知県	23110	231100	中川区	なかがわく
23	愛知県	23111	231118	港区	みなとく
23	愛知県	23112	231126	南区	みなみく
23	愛知県	23113	231134	守山区	もりやまく
23	愛知県	23114	231142	緑区	みどりく
23	愛知県	23115	231151	名東区	めいとうく
23	愛知県	23116	231169	天白区	てんぱくく
23	愛知県	23201	232017	豊橋市	とよはしし
23	愛知県	23202	232025	岡崎市	おかざきし
23	愛知県	23203	232033	一宮市	いちのみやし
23	愛知県	23204	232041	瀬戸市	せとし
23	愛知県	23205	232050	半田市	はんだし
23	愛知県	23206	232068	春日井市	かすがいし
23	愛知県	23207	232076	豊川市	とよかわし
23	愛知県	23208	232084	津島市	つしまし
23	愛知県	23209	232092	碧南市	へきなんし
23	愛知県	23210	232106	刈谷市	かりやし
23	愛知県	23211	232114	豊田市	とよたし
23	愛知県	23212	232122	安城市	あんじょうし
23	愛知県	23213	232131	西尾市	にしおし
23	愛知県	23214	232149	蒲郡市	がまごおりし
23	愛知県	23215	232157	犬山市	いぬやまし
23	愛知県	23216	232165	常滑市	とこなめし
23	愛知県	23217	232173	江南市	こうなんし
23	愛知県	23219	232190	小牧市	こまきし
23	愛知県	23220	232203	稲沢市	いなざわし
23	愛知県	23221	232211	新城市	しんしろし
23	愛知県	23222	232220	東海市	とうかいし
23	愛知県	23223	232238	大府市	おおぶし
23	愛知県	23224	232246	知多市	ちたし
23	愛知県	23225	232254	知立市	ちりゅうし
23	愛知県	23226	232262	尾張旭市	おわりあさひし
23	愛知県	23227	232271	高浜市	たかはまし
23	愛知県	23228	232289	岩倉市	いわくらし
23	愛知県	23229	232297	豊明市	とよあけし
23	愛知県	23230	232301	日進市	にっしんし
23	愛知県	23231	232319	田原市	たはらし
23	愛知県	23232	232327	愛西市	あいさいし
23	愛知県	23233	232335	清須市	きよすし
23	愛知県	23234	232343	北名古屋市	きたなごやし
23	愛知県	23235	232351	弥富市	やとみし
23	愛知県	23236	232360	みよし市	みよしし
23	愛知県	23237	232378	あま市	あまし
23	愛知県	23238	232386	長久手市	ながくてし
23	愛知県	23302	233021	東郷町	とうごうちょう
23	愛知県	23342	233421	豊山町	とよやまちょう
23	愛知県	23361	233617	大口町	おおぐちちょう
23	愛知県	23362	233625	扶桑町	ふそうちょう
23	愛知県	23424	234249	大治町	おおはるちょう
23	愛知県	23425	234257	蟹江町	かにえちょう
23	愛知県	23427	234273	飛島村	とびしまむら
23	愛知県	23441	234419	阿久比町	あぐいちょう
23	愛知県	23442	234427	東浦町	ひがしうらちょう
23	愛知県	23445	234451	南知多町	みなみちたちょう
23	愛知県	23446	234460	美浜町	みはまちょう
23	愛知県	23447	234478	武豊町	たけとよちょう
23	愛知県	23501	235016	幸田町	こうたちょう
23	愛知県	23561	235610	設楽町	したらちょう
23	愛知県	23562	235628	東栄町	とうえいちょう
23	愛知県	23563	235636	豊根村	とよねむら
24	三重県	24201	242012	津市	つし
24	三重県	24202	242021	四日市市	よっかいちし
24	三重県	24203	242039	伊勢市	いせし
24	三重県	24204	242047	松阪市	まつさかし
24	三重県	24205	242055	桑名市	くわなし
24	三重県	24207	242071	鈴鹿市	すずかし
24	三重県	24208	242080	名張市	なばりし
24	三重県	24209	242098	尾鷲市	おわせし
24	三重県	24210	242101	亀山市	かめやまし
24	三重県	24211	242110	鳥羽市	とばし
24	三重県	24212	242128	熊野市	くまのし
24	三重県	24214	242144	いなべ市	いなべし
24	三重県	24215	242152	志摩市	しまし
24	三重県	24216	242161	伊賀市	いがし
24	三重県	24303	243035	木曽岬町	きそさきちょう
24	三重県	24324	243248	東員町	とういんちょう
24	三重県	24341	243418	菰野町	こものちょう
24	三重県	24343	243434	朝日町	あさひちょう
24	三重県	24344	243442	川越町	かわごえちょう
24	三重県	24441	244414	多気町	たきちょう
24	三重県	24442	244422	明和町	めいわちょう
24	三重県	24443	244431	大台町	おおだいちょう
24	三重県	24461	244619	玉城町	たまきちょう
24	三重県	24470	244708	度会町	わたらいちょう
24	三重県	24471	244716	大紀町	たいきちょう
24	三重県	24472	244724	南伊勢町	みなみいせちょう
24	三重県	24543	245437	紀北町	きほくちょう
24	三重県	24561	245615	御浜町	みはまちょう
24	三重県	24562	245623	紀宝町	きほうちょう
25	滋賀県	25201	252018	大津市	おおつし
25	滋賀県	25202	252026	彦根市	ひこねし
25	滋賀県	25203	252034	長浜市	ながはまし
25	滋賀県	25204	252042	近江八幡市	おうみはちまんし
25	滋賀県	25206	252069	草津市	くさつし
25	滋賀県	25207	252077	守山市	もりやまし
25	滋賀県	25208	252085	栗東市	りっとうし
25	滋賀県	25209	252093	甲賀市	こうかし
25	滋賀県	25210	252107	野洲市	やすし
25	滋賀県	25211	252115	湖南市	こなんし
25	滋賀県	25212	252123	高島市	たかしまし
25	滋賀県	25213	252131	東近江市	ひがしおうみし
25	滋賀県	25214	252140	米原市	まいばらし
25	滋賀県	25383	253839	日野町	ひのちょう
25	滋賀県	25384	253847	竜王町	りゅうおうちょう
25	滋賀県	25425	254258	愛荘町	あいしょうちょう
25	滋賀県	25441	254410	豊郷町	とよさとちょう
25	滋賀県	25442	254428	甲良町	こうらちょう
25	滋賀県	25443	254436	多賀町	たがちょう
26	京都府	26100	261009	京都市	きょうとし
26	京都府	26101	261017	北区	きたく
26	京都府	26102	261025	上京区	かみぎょうく
26	京都府	26103	261033	左京区	さきょうく
26	京都府	26104	261041	中京区	なかぎょうく
26	京都府	26105	261050	東山区	ひがしやまく
26	京都府	26106	261068	下京区	しもぎょうく
26	京都府	26107	261076	南区	みなみく
26	京都府	26108	261084	右京区	うきょうく
26	京都府	26109	261092	伏見区	ふしみく
26	京都府	26110	261106	山科区	やましなく
26	京都府	26111	261114	西京区	にしきょうく
26	京都府	26201	262013	福知山市	ふくちやまし
26	京都府	26202	262021	舞鶴市	まいづるし
26	京都府	26203	262030	綾部市	あやべし
26	京都府	26204	262048	宇治市	うじし
26	京都府	26205	262056	宮津市	みやづし
26	京都府	26206	262064	亀岡市	かめおかし
26	京都府	26207	262072	城陽市	じょうようし
26	京都府	26208	262081	向日市	むこうし
26	京都府	26209	262099	長岡京市	ながおかきょうし
26	京都府	26210	262102	八幡市	やわたし
26	京都府	26211	262111	京田辺市	きょうたなべし
26	京都府	26212	262129	京丹後市	きょうたんごし
26	京都府	26213	262137	南丹市	なんたんし
26	京都府	26214	262145	木津川市	きづがわし
26	京都府	26303	263036	大山崎町	おおやまざきちょう
26	京都府	26322	263222	久御山町	くみやまちょう
26	京都府	26343	263435	井手町	いでちょう
26	京都府	26344	263443	宇治田原町	うじたわらちょう
26	京都府	26364	263648	笠置町	かさぎちょう
26	京都府	26365	263656	和束町	わづかちょう
26	京都府	26366	263664	精華町	せいかちょう
26	京都府	26367	263672	南山城村	みなみやましろむら
26	京都府	26407	264075	京丹波町	きょうたんばちょう
26	京都府	26463	264636	伊根町	いねちょう
26	京都府	26465	264652	与謝野町	よさのちょう
27	大阪府	27100	271004	大阪市	おおさかし
27	大阪府	27102	271021	都島区	みやこじまく
27	大阪府	27103	271039	福島区	ふくしまく
27	大阪府	27104	271047	此花区	このはなく
27	大阪府	27106	271063	西区	にしく
27	大阪府	27107	271071	港区	みなとく
27	大阪府	27108	271080	大正区	たいしょうく
27	大阪府	27109	271098	天王寺区	てんのうじく
27	大阪府	27111	271110	浪速区	なにわく
27	大阪府	27113	271136	西淀川区	にしよどがわく
27	大阪府	27114	271144	東淀川区	ひがしよどがわく
27	大阪府	27115	271152	東成区	ひがしなりく
27	大阪府	27116	271161	生野区	いくのく
27	大阪府	27117	271179	旭区	あさひく
27	大阪府	27118	271187	城東区	じょうとうく
27	大阪府	27119	271195	阿倍野区	あべのく
27	大阪府	27120	271209	住吉区	すみよしく
27	大阪府	27121	271217	東住吉区	ひがしすみよしく
27	大阪府	27122	271225	西成区	にしなりく
27	大阪府	27123	271233	淀川区	よどがわく
27	大阪府	27124	271241	鶴見区	つるみく
27	大阪府	27125	271250	住之江区	すみのえく
27	大阪府	27126	271268	平野区	ひらのく
27	大阪府	27127	271276	北区	きたく
27	大阪府	27128	271284	中央区	ちゅうおうく
27	大阪府	27140	271403	堺市	さかいし
27	大阪府	27141	271411	堺区	さかいく
27	大阪府	27142	271420	中区	なかく
27	大阪府	27143	271438	東区	ひがしく
27	大阪府	27144	271446	西区	にしく
27	大阪府	27145	271454	南区	みなみく
27	大阪府	27146	271462	北区	きたく
27	大阪府	27147	271471	美原区	みはらく
27	大阪府	27202	272027	岸和田市	きしわだし
27	大阪府	27203	272035	豊中市	とよなかし
27	大阪府	27204	272043	池田市	いけだし
27	大阪府	27205	272051	吹田市	すいたし
27	大阪府	27206	272060	泉大津市	いずみおおつし
27	大阪府	27207	272078	高槻市	たかつきし
27	大阪府	27208	272086	貝塚市	かいづかし
27	大阪府	27209	272094	守口市	もりぐちし
27	大阪府	27210	272108	枚方市	ひらかたし
27	大阪府	27211	272116	茨木市	いばらきし
27	大阪府	27212	272124	八尾市	やおし
27	大阪府	27213	272132	泉佐野市	いずみさのし
27	大阪府	27214	272141	富田林市	とんだばやしし
27	大阪府	27215	272159	寝屋川市	ねやがわし
27	大阪府	27216	272167	河内長野市	かわちながのし
27	大阪府	27217	272175	松原市	まつばらし
27	大阪府	27218	272183	大東市	だいとうし
27	大阪府	27219	272191	和泉市	いずみし
27	大阪府	27220	272205	箕面市	みのおし
27	大阪府	27221	272213	柏原市	かしわらし
27	大阪府	27222	272221	羽曳野市	はびきのし
27	大阪府	27223	272230	門真市	かどまし
27	大阪府	27224	272248	摂津市	せっつし
27	大阪府	27225	272256	高石市	たかいしし
27	大阪府	27226	272264	藤井寺市	ふじいでらし
27	大阪府	27227	272272	東大阪市	ひがしおおさかし
27	大阪府	27228	272281	泉南市	せんなんし
27	大阪府	27229	272299	四條畷市	しじょうなわてし
27	大阪府	27230	272302	交野市	かたのし
27	大阪府	27231	272311	大阪狭山市	おおさかさやまし
27	大阪府	27232	272329	阪南市	はんなんし
27	大阪府	27301	273015	島本町	しまもとちょう
27	大阪府	27321	273210	豊能町	とよのちょう
27	大阪府	27322	273228	能勢町	のせちょう
27	大阪府	27341	273414	忠岡町	ただおかちょう
27	大阪府	27361	273619	熊取町	くまとりちょう
27	大阪府	27362	273627	田尻町	たじりちょう
27	大阪府	27366	273660	岬町	みさきちょう
27	大阪府	27381	273813	太子町	たいしちょう
27	大阪府	27382	273821	河南町	かなんちょう
27	大阪府	27383	273830	千早赤阪村	ちはやあかさかむら
28	兵庫県	28100	281000	神戸市	こうべし
28	兵庫県	28101	281018	東灘区	ひがしなだく
28	兵庫県	28102	281026	灘区	なだく
28	兵庫県	28105	281051	兵庫区	ひょうごく
28	兵庫県	28106	281069	長田区	ながたく
28	兵庫県	28107	281077	須磨区	すまく
28	兵庫県	28108	281085	垂水区	たるみく
28	兵庫県	28109	281093	北区	きたく
28	兵庫県	28110	281107	中央区	ちゅうおうく
28	兵庫県	28111	281115	西区	にしく
28	兵庫県	28201	282014	姫路市	ひめじし
28	兵庫県	28202	282022	尼崎市	あまがさきし
28	兵庫県	28203	282031	明石市	あかしし
28	兵庫県	28204	282049	西宮市	にしのみやし
28	兵庫県	28205	282057	洲本市	すもとし
28	兵庫県	28206	282065	芦屋市	あしやし
28	兵庫県	28207	282073	伊丹市	いたみし
28	兵庫県	28208	282081	相生市	あいおいし
28	兵庫県	28209	282090	豊岡市	とよおかし
28	兵庫県	28210	282103	加古川市	かこがわし
28	兵庫県	28212	282120	赤穂市	あこうし
28	兵庫県	28213	282138	西脇市	にしわきし
28	兵庫県	28214	282146	宝塚市	たからづかし
28	兵庫県	28215	282154	三木市	みきし
28	兵庫県	28216	282162	高砂市	たかさごし
28	兵庫県	28217	282171	川西市	かわにしし
28	兵庫県	28218	282189	小野市	おのし
28	兵庫県	28219	282197	三田市	さんだし
28	兵庫県	28220	282201	加西市	かさいし
28	兵庫県	28221	282219	篠山市	ささやまし
28	兵庫県	28222	282227	養父市	やぶし
28	兵庫県	28223	282235	丹波市	たんばし
28	兵庫県	28224	282243	南あわじ市	みなみあわじし
28	兵庫県	28225	282251	朝来市	あさごし
28	兵庫県	28226	282260	淡路市	あわじし
28	兵庫県	28227	282278	宍粟市	しそうし
28	兵庫県	28228	282286	加東市	かとうし
28	兵庫県	28229	282294	たつの市	たつのし
28	兵庫県	28301	283011	猪名川町	いながわちょう
28	兵庫県	28365	283657	多可町	たかちょう
28	兵庫県	28381	283819	稲美町	いなみちょう
28	兵庫県	28382	283827	播磨町	はりまちょう
28	兵庫県	28442	284424	市川町	いちかわちょう
28	兵庫県	28443	284432	福崎町	ふくさきちょう
28	兵庫県	28446	284467	神河町	かみかわちょう
28	兵庫県	28464	284645	太子町	たいしちょう
28	兵庫県	28481	284815	上郡町	かみごおりちょう
28	兵庫県	28501	285013	佐用町	さようちょう
28	兵庫県	28585	285854	香美町	かみちょう
28	兵庫県	28586	285862	新温泉町	しんおんせんちょう
29	奈良県	29201	292010	奈良市	ならし
29	奈良県	29202	292028	大和高田市	やまとたかだし
29	奈良県	29203	292036	大和郡山市	やまとこおりやまし
29	奈良県	29204	292044	天理市	てんりし
29	奈良県	29205	292052	橿原市	かしはらし
29	奈良県	29206	292061	桜井市	さくらいし
29	奈良県	29207	292079	五條市	ごじょうし
29	奈良県	29208	292087	御所市	ごせし
29	奈良県	29209	292095	生駒市	いこまし
29	奈良県	29210	292109	香芝市	かしばし
29	奈良県	29211	292117	葛城市	かつらぎし
29	奈良県	29212	292125	宇陀市	うだし
29	奈良県	29322	293229	山添村	やまぞえむら
29	奈良県	29342	293423	平群町	へぐりちょう
29	奈良県	29343	293431	三郷町	さんごうちょう
29	奈良県	29344	293440	斑鳩町	いかるがちょう
29	奈良県	29345	293458	安堵町	あんどちょう
29	奈良県	29361	293610	川西町	かわにしちょう
29	奈良県	29362	293628	三宅町	みやけちょう
29	奈良県	29363	293636	田原本町	たわらもとちょう
29	奈良県	29385	293857	曽爾村	そにむら
29	奈良県	29386	293865	御杖村	みつえむら
29	奈良県	29401	294012	高取町	たかとりちょう
29	奈良県	29402	294021	明日香村	あすかむら
29	奈良県	29424	294241	上牧町	かんまきちょう
29	奈良県	29425	294250	王寺町	おうじちょう
29	奈良県	29426	294268	広陵町	こうりょうちょう
29	奈良県	29427	294276	河合町	かわいちょう
29	奈良県	29441	294411	吉野町	よしのちょう
29	奈良県	29442	294420	大淀町	おおよどちょう
29	奈良県	29443	294438	下市町	しもいちちょう
29	奈良県	29444	294446	黒滝村	くろたきむら
29	奈良県	29446	294462	天川村	てんかわむら
29	奈良県	29447	294471	野迫川村	のせがわむら
29	奈良県	29449	294497	十津川村	とつかわむら
29	奈良県	29450	294501	下北山村	しもきたやまむら
29	奈良県	29451	294519	上北山村	かみきたやまむら
29	奈良県	29452	294527	川上村	かわかみむら
29	奈良県	29453	294535	東吉野村	ひがしよしのむら
30	和歌山県	30201	302015	和歌山市	わかやまし
30	和歌山県	30202	302023	海南市	かいなんし
30	和歌山県	30203	302031	橋本市	はしもとし
30	和歌山県	30204	302040	有田市	ありだし
30	和歌山県	30205	302058	御坊市	ごぼうし
30	和歌山県	30206	302066	田辺市	たなべし
30	和歌山県	30207	302074	新宮市	しんぐうし
30	和歌山県	30208	302082	紀の川市	きのかわし
30	和歌山県	30209	302091	岩出市	いわでし
30	和歌山県	30304	303046	紀美野町	きみのちょう
30	和歌山県	30341	303411	かつらぎ町	かつらぎちょう
30	和歌山県	30343	303437	九度山町	くどやまちょう
30	和歌山県	30344	303445	高野町	こうやちょう
30	和歌山県	30361	303615	湯浅町	ゆあさちょう
30	和歌山県	30362	303623	広川町	ひろがわちょう
30	和歌山県	30366	303666	有田川町	ありだがわちょう
30	和歌山県	30381	303810	美浜町	みはまちょう
30	和歌山県	30382	303828	日高町	ひだかちょう
30	和歌山県	30383	303836	由良町	ゆらちょう
30	和歌山県	30390	303909	印南町	いなみちょう
30	和歌山県	30391	303917	みなべ町	みなべちょう
30	和歌山県	30392	303925	日高川町	ひだかがわちょう
30	和歌山県	30401	304018	白浜町	しらはまちょう
30	和歌山県	30404	304042	上富田町	かみとんだちょう
30	和歌山県	30406	304069	すさみ町	すさみちょう
30	和歌山県	30421	304212	那智勝浦町	なちかつうらちょう
30	和歌山県	30422	304221	太地町	たいじちょう
30	和歌山県	30424	304247	古座川町	こざがわちょう
30	和歌山県	30427	304271	北山村	きたやまむら
30	和歌山県	30428	304280	串本町	くしもとちょう
31	鳥取県	31201	312011	鳥取市	とっとりし
31	鳥取県	31202	312029	米子市	よなごし
31	鳥取県	31203	312037	倉吉市	くらよしし
31	鳥取県	31204	312045	境港市	さかいみなとし
31	鳥取県	31302	313025	岩美町	いわみちょう
31	鳥取県	31325	313254	若桜町	わかさちょう
31	鳥取県	31328	313289	智頭町	ちづちょう
31	鳥取県	31329	313297	八頭町	やずちょう
31	鳥取県	31364	313645	三朝町	みささちょう
31	鳥取県	31370	313700	湯梨浜町	ゆりはまちょう
31	鳥取県	31371	313718	琴浦町	ことうらちょう
31	鳥取県	31372	313726	北栄町	ほくえいちょう
31	鳥取県	31384	313840	日吉津村	ひえづそん
31	鳥取県	31386	313866	大山町	だいせんちょう
31	鳥取県	31389	313891	南部町	なんぶちょう
31	鳥取県	31390	313904	伯耆町	ほうきちょう
31	鳥取県	31401	314013	日南町	にちなんちょう
31	鳥取県	31402	314021	日野町	ひのちょう
31	鳥取県	31403	314030	江府町	こうふちょう
32	島根県	32201	322016	松江市	まつえし
32	島根県	32202	322024	浜田市	はまだし
32	島根県	32203	322032	出雲市	いずもし
32	島根県	32204	322041	益田市	ますだし
32	島根県	32205	322059	大田市	おおだし
32	島根県	32206	322067	安来市	やすぎし
32	島根県	32207	322075	江津市	ごうつし
32	島根県	32209	322091	雲南市	うんなんし
32	島根県	32343	323438	奥出雲町	おくいずもちょう
32	島根県	32386	323861	飯南町	いいなんちょう
32	島根県	32441	324418	川本町	かわもとまち
32	島根県	32448	324485	美郷町	みさとちょう
32	島根県	32449	324493	邑南町	おおなんちょう
32	島根県	32501	325015	津和野町	つわのちょう
32	島根県	32505	325058	吉賀町	よしかちょう
32	島根県	32525	325252	海士町	あまちょう
32	島根県	32526	325261	西ノ島町	にしのしまちょう
32	島根県	32527	325279	知夫村	ちぶむら
32	島根県	32528	325287	隠岐の島町	おきのしまちょう
33	岡山県	33100	331007	岡山市	おかやまし
33	岡山県	33101	331015	北区	きたく
33	岡山県	33102	331023	中区	なかく
33	岡山県	33103	331031	東区	ひがしく
33	岡山県	33104	331040	南区	みなみく
33	岡山県	33202	332020	倉敷市	くらしきし
33	岡山県	33203	332038	津山市	つやまし
33	岡山県	33204	332046	玉野市	たまのし
33	岡山県	33205	332054	笠岡市	かさおかし
33	岡山県	33207	332071	井原市	いばらし
33	岡山県	33208	332089	総社市	そうじゃし
33	岡山県	33209	332097	高梁市	たかはしし
33	岡山県	33210	332101	新見市	にいみし
33	岡山県	33211	332119	備前市	びぜんし
33	岡山県	33212	332127	瀬戸内市	せとうちし
33	岡山県	33213	332135	赤磐市	あかいわし
33	岡山県	33214	332143	真庭市	まにわし
33	岡山県	33215	332151	美作市	みまさかし
33	岡山県	33216	332160	浅口市	あさくちし
33	岡山県	33346	333468	和気町	わけちょう
33	岡山県	33423	334235	早島町	はやしまちょう
33	岡山県	33445	334456	里庄町	さとしょうちょう
33	岡山県	33461	334618	矢掛町	やかげちょう
33	岡山県	33586	335860	新庄村	しんじょうそん
33	岡山県	33606	336068	鏡野町	かがみのちょう
33	岡山県	33622	336220	勝央町	しょうおうちょう
33	岡山県	33623	336238	奈義町	なぎちょう
33	岡山県	33643	336432	西粟倉村	にしあわくらそん
33	岡山県	33663	336637	久米南町	くめなんちょう
33	岡山県	33666	336661	美咲町	みさきちょう
33	岡山県	33681	336815	吉備中央町	きびちゅうおうちょう
34	広島県	34100	341002	広島市	ひろしまし
34	広島県	34101	341011	中区	なかく
34	広島県	34102	341029	東区	ひがしく
34	広島県	34103	341037	南区	みなみく
34	広島県	34104	341045	西区	にしく
34	広島県	34105	341053	安佐南区	あさみなみく
34	広島県	34106	341061	安佐北区	あさきたく
34	広島県	34107	341070	安芸区	あきく
34	広島県	34108	341088	佐伯区	さえきく
34	広島県	34202	342025	呉市	くれし
34	広島県	34203	342033	竹原市	たけはらし
34	広島県	34204	342041	三原市	みはらし
34	広島県	34205	342050	尾道市	おのみちし
34	広島県	34207	342076	福山市	ふくやまし
34	広島県	34208	342084	府中市	ふちゅうし
34	広島県	34209	342092	三次市	みよしし
34	広島県	34210	342106	庄原市	しょうばらし
34	広島県	34211	342114	大竹市	おおたけし
34	広島県	34212	342122	東広島市	ひがしひろしまし
34	広島県	34213	342131	廿日市市	はつかいちし
34	広島県	34214	342149	安芸高田市	あきたかたし
34	広島県	34215	342157	江田島市	えたじまし
34	広島県	34302	343021	府中町	ふちゅうちょう
34	広島県	34304	343048	海田町	かいたちょう
34	広島県	34307	343072	熊野町	くまのちょう
34	広島県	34309	343099	坂町	さかちょう
34	広島県	34368	343684	安芸太田町	あきおおたちょう
34	広島県	34369	343692	北広島町	きたひろしまちょう
34	広島県	34431	344311	大崎上島町	おおさきかみじまちょう
34	広島県	34462	344621	世羅町	せらちょう
34	広島県	34545	345458	神石高原町	じんせきこうげんちょう
35	山口県	35201	352012	下関市	しものせきし
35	山口県	35202	352021	宇部市	うべし
35	山口県	35203	352039	山口市	やまぐちし
35	山口県	35204	352047	萩市	はぎし
35	山口県	35206	352063	防府市	ほうふし
35	山口県	35207	352071	下松市	くだまつし
35	山口県	35208	352080	岩国市	いわくにし
35	山口県	35210	352101	光市	ひかりし
35	山口県	35211	352110	長門市	ながとし
35	山口県	35212	352128	柳井市	やないし
35	山口県	35213	352136	美祢市	みねし
35	山口県	35215	352152	周南市	しゅうなんし
35	山口県	35216	352161	山陽小野田市	さんようおのだし
35	山口県	35305	353051	周防大島町	すおうおおしまちょう
35	山口県	35321	353213	和木町	わきちょう
35	山口県	35341	353418	上関町	かみのせきちょう
35	山口県	35343	353434	田布施町	たぶせちょう
35	山口県	35344	353442	平生町	ひらおちょう
35	山口県	35502	355020	阿武町	あぶちょう
36	徳島県	36201	362018	徳島市	とくしまし
36	徳島県	36202	362026	鳴門市	なるとし
36	徳島県	36203	362034	小松島市	こまつしまし
36	徳島県	36204	362042	阿南市	あなんし
36	徳島県	36205	362051	吉野川市	よしのがわし
36	徳島県	36206	362069	阿波市	あわし
36	徳島県	36207	362077	美馬市	みまし
36	徳島県	36208	362085	三好市	みよしし
36	徳島県	36301	363014	勝浦町	かつうらちょう
36	徳島県	36302	363022	上勝町	かみかつちょう
36	徳島県	36321	363219	佐那河内村	さなごうちそん
36	徳島県	36341	363413	石井町	いしいちょう
36	徳島県	36342	363421	神山町	かみやまちょう
36	徳島県	36368	363685	那賀町	なかちょう
36	徳島県	36383	363839	牟岐町	むぎちょう
36	徳島県	36387	363871	美波町	みなみちょう
36	徳島県	36388	363880	海陽町	かいようちょう
36	徳島県	36401	364011	松茂町	まつしげちょう
36	徳島県	36402	364029	北島町	きたじまちょう
36	徳島県	36403	364037	藍住町	あいずみちょう
36	徳島県	36404	364045	板野町	いたのちょう
36	徳島県	36405	364053	上板町	かみいたちょう
36	徳島県	36468	364681	つるぎ町	つるぎちょう
36	徳島県	36489	364894	東みよし町	ひがしみよしちょう
37	香川県	37201	372013	高松市	たかまつし
37	香川県	37202	372021	丸亀市	まるがめし
37	香川県	37203	372030	坂出市	さかいでし
37	香川県	37204	372048	善通寺市	ぜんつうじし
37	香川県	37205	372056	観音寺市	かんおんじし
37	香川県	37206	372064	さぬき市	さぬきし
37	香川県	37207	372072	東かがわ市	ひがしかがわし
37	香川県	37208	372081	三豊市	みとよし
37	香川県	37322	373222	土庄町	とのしょうちょう
37	香川県	37324	373249	小豆島町	しょうどしまちょう
37	香川県	37341	373419	三木町	みきちょう
37	香川県	37364	373648	直島町	なおしまちょう
37	香川県	37386	373869	宇多津町	うたづちょう
37	香川県	37387	373877	綾川町	あやがわちょう
37	香川県	37403	374032	琴平町	ことひらちょう
37	香川県	37404	374041	多度津町	たどつちょう
37	香川県	37406	374067	まんのう町	まんのうちょう
38	愛媛県	38201	382019	松山市	まつやまし
38	愛媛県	38202	382027	今治市	いまばりし
38	愛媛県	38203	382035	宇和島市	うわじまし
38	愛媛県	38204	382043	八幡浜市	やわたはまし
38	愛媛県	38205	382051	新居浜市	にいはまし
38	愛媛県	38206	382060	西条市	さいじょうし
38	愛媛県	38207	382078	大洲市	おおずし
38	愛媛県	38210	382108	伊予市	いよし
38	愛媛県	38213	382132	四国中央市	しこくちゅうおうし
38	愛媛県	38214	382141	西予市	せいよし
38	愛媛県	38215	382159	東温市	とうおんし
38	愛媛県	38356	383562	上島町	かみじまちょう
38	愛媛県	38386	383864	久万高原町	くまこうげんちょう
38	愛媛県	38401	384011	松前町	まさきちょう
38	愛媛県	38402	384020	砥部町	とべちょう
38	愛媛県	38422	384224	内子町	うちこちょう
38	愛媛県	38442	384429	伊方町	いかたちょう
38	愛媛県	38484	384844	松野町	まつのちょう
38	愛媛県	38488	384887	鬼北町	きほくちょう
38	愛媛県	38506	385069	愛南町	あいなんちょう
39	高知県	39201	392014	高知市	こうちし
39	高知県	39202	392022	室戸市	むろとし
39	高知県	39203	392031	安芸市	あきし
39	高知県	39204	392049	南国市	なんこくし
39	高知県	39205	392057	土佐市	とさし
39	高知県	39206	392065	須崎市	すさきし
39	高知県	39208	392081	宿毛市	すくもし
39	高知県	39209	392090	土佐清水市	とさしみずし
39	高知県	39210	392103	四万十市	しまんとし
39	高知県	39211	392111	香南市	こうなんし
39	高知県	39212	392120	香美市	かみし
39	高知県	39301	393011	東洋町	とうようちょう
39	高知県	39302	393029	奈半利町	なはりちょう
39	高知県	39303	393037	田野町	たのちょう
39	高知県	39304	393045	安田町	やすだちょう
39	高知県	39305	393053	北川村	きたがわむら
39	高知県	39306	393061	馬路村	うまじむら
39	高知県	39307	393070	芸西村	げいせいむら
39	高知県	39341	393410	本山町	もとやまちょう
39	高知県	39344	393444	大豊町	おおとよちょう
39	高知県	39363	393631	土佐町	とさちょう
39	高知県	39364	393649	大川村	おおかわむら
39	高知県	39386	393860	いの町	いのちょう
39	高知県	39387	393878	仁淀川町	によどがわちょう
39	高知県	39401	394017	中土佐町	なかとさちょう
39	高知県	39402	394025	佐川町	さかわちょう
39	高知県	39403	394033	越知町	おちちょう
39	高知県	39405	394050	檮原町	ゆすはらちょう
39	高知県	39410	394106	日高村	ひだかむら
39	高知県	39411	394114	津野町	つのちょう
39	高知県	39412	394122	四万十町	しまんとちょう
39	高知県	39424	394246	大月町	おおつきちょう
39	高知県	39427	394271	三原村	みはらむら
39	高知県	39428	394289	黒潮町	くろしおちょう
40	福岡県	40100	401005	北九州市	きたきゅうしゅうし
40	福岡県	40101	401013	門司区	もじく
40	福岡県	40103	401030	若松区	わかまつく
40	福岡県	40105	401056	戸畑区	とばたく
40	福岡県	40106	401064	小倉北区	こくらきたく
40	福岡県	40107	401072	小倉南区	こくらみなみく
40	福岡県	40108	401081	八幡東区	やはたひがしく
40	福岡県	40109	401099	八幡西区	やはたにしく
40	福岡県	40130	401307	福岡市	ふくおかし
40	福岡県	40131	401315	東区	ひがしく
40	福岡県	40132	401323	博多区	はかたく
40	福岡県	40133	401331	中央区	ちゅうおうく
40	福岡県	40134	401340	南区	みなみく
40	福岡県	40135	401358	西区	にしく
40	福岡県	40136	401366	城南区	じょうなんく
40	福岡県	40137	401374	早良区	さわらく
40	福岡県	40202	402028	大牟田市	おおむたし
40	福岡県	40203	402036	久留米市	くるめし
40	福岡県	40204	402044	直方市	のおがたし
40	福岡県	40205	402052	飯塚市	いいづかし
40	福岡県	40206	402061	田川市	たがわし
40	福岡県	40207	402079	柳川市	やながわし
40	福岡県	40210	402109	八女市	やめし
40	福岡県	40211	402117	筑後市	ちくごし
40	福岡県	40212	402125	大川市	おおかわし
40	福岡県	40213	402133	行橋市	ゆくはしし
40	福岡県	40214	402141	豊前市	ぶぜんし
40	福岡県	40215	402150	中間市	なかまし
40	福岡県	40216	402168	小郡市	おごおりし
40	福岡県	40217	402176	筑紫野市	ちくしのし
40	福岡県	40218	402184	春日市	かすがし
40	福岡県	40219	402192	大野城市	おおのじょうし
40	福岡県	40220	402206	宗像市	むなかたし
40	福岡県	40221	402214	太宰府市	だざいふし
40	福岡県	40223	402231	古賀市	こがし
40	福岡県	40224	402249	福津市	ふくつし
40	福岡県	40225	402257	うきは市	うきはし
40	福岡県	40226	402265	宮若市	みやわかし
40	福岡県	40227	402273	嘉麻市	かまし
40	福岡県	40228	402281	朝倉市	あさくらし
40	福岡県	40229	402290	みやま市	みやまし
40	福岡県	40230	402303	糸島市	いとしまし
40	福岡県	40305	403059	那珂川町	なかがわまち
40	福岡県	40341	403415	宇美町	うみまち
40	福岡県	40342	403423	篠栗町	ささぐりまち
40	福岡県	40343	403431	志免町	しめまち
40	福岡県	40344	403440	須恵町	すえまち
40	福岡県	40345	403458	新宮町	しんぐうまち
40	福岡県	40348	403482	久山町	ひさやままち
40	福岡県	40349	403491	粕屋町	かすやまち
40	福岡県	40381	403814	芦屋町	あしやまち
40	福岡県	40382	403822	水巻町	みずまきまち
40	福岡県	40383	403831	岡垣町	おかがきまち
40	福岡県	40384	403849	遠賀町	おんがちょう
40	福岡県	40401	404012	小竹町	こたけまち
40	福岡県	40402	404021	鞍手町	くらてまち
40	福岡県	40421	404217	桂川町	けいせんまち
40	福岡県	40447	404471	筑前町	ちくぜんまち
40	福岡県	40448	404489	東峰村	とうほうむら
40	福岡県	40503	405035	大刀洗町	たちあらいまち
40	福岡県	40522	405221	大木町	おおきまち
40	福岡県	40544	405442	広川町	ひろかわまち
40	福岡県	40601	406015	香春町	かわらまち
40	福岡県	40602	406023	添田町	そえだまち
40	福岡県	40604	406040	糸田町	いとだまち
40	福岡県	40605	406058	川崎町	かわさきまち
40	福岡県	40608	406082	大任町	おおとうまち
40	福岡県	40609	406091	赤村	あかむら
40	福岡県	40610	406104	福智町	ふくちまち
40	福岡県	40621	406210	苅田町	かんだまち
40	福岡県	40625	406252	みやこ町	みやこまち
40	福岡県	40642	406422	吉富町	よしとみまち
40	福岡県	40646	406465	上毛町	こうげまち
40	福岡県	40647	406473	築上町	ちくじょうまち
41	佐賀県	41201	412015	佐賀市	さがし
41	佐賀県	41202	412023	唐津市	からつし
41	佐賀県	41203	412031	鳥栖市	とすし
41	佐賀県	41204	412040	多久市	たくし
41	佐賀県	41205	412058	伊万里市	いまりし
41	佐賀県	41206	412066	武雄市	たけおし
41	佐賀県	41207	412074	鹿島市	かしまし
41	佐賀県	41208	412082	小城市	おぎし
41	佐賀県	41209	412091	嬉野市	うれしのし
41	佐賀県	41210	412104	神埼市	かんざきし
41	佐賀県	41327	413275	吉野ヶ里町	よしのがりちょう
41	佐賀県	41341	413411	基山町	きやまちょう
41	佐賀県	41345	413453	上峰町	かみみねちょう
41	佐賀県	41346	413461	みやき町	みやきちょう
41	佐賀県	41387	413879	玄海町	げんかいちょう
41	佐賀県	41401	414018	有田町	ありたちょう
41	佐賀県	41423	414239	大町町	おおまちちょう
41	佐賀県	41424	414247	江北町	こうほくまち
41	佐賀県	41425	414255	白石町	しろいしちょう
41	佐賀県	41441	414417	太良町	たらちょう
42	長崎県	42201	422011	長崎市	ながさきし
42	長崎県	42202	422029	佐世保市	させぼし
42	長崎県	42203	422037	島原市	しまばらし
42	長崎県	42204	422045	諫早市	いさはやし
42	長崎県	42205	422053	大村市	おおむらし
42	長崎県	42207	422070	平戸市	ひらどし
42	長崎県	42208	422088	松浦市	まつうらし
42	長崎県	42209	422096	対馬市	つしまし
42	長崎県	42210	422100	壱岐市	いきし
42	長崎県	42211	422118	五島市	ごとうし
42	長崎県	42212	422126	西海市	さいかいし
42	長崎県	42213	422134	雲仙市	うんぜんし
42	長崎県	42214	422142	南島原市	みなみしまばらし
42	長崎県	42307	423076	長与町	ながよちょう
42	長崎県	42308	423084	時津町	とぎつちょう
42	長崎県	42321	423211	東彼杵町	ひがしそのぎちょう
42	長崎県	42322	423220	川棚町	かわたなちょう
42	長崎県	42323	423238	波佐見町	はさみちょう
42	長崎県	42383	423831	小値賀町	おぢかちょう
42	長崎県	42391	423912	佐々町	さざちょう
42	長崎県	42411	424111	新上五島町	しんかみごとうちょう
43	熊本県	43100	431001	熊本市	くまもとし
43	熊本県	43101	431010	中央区	ちゅうおうく
43	熊本県	43102	431028	東区	ひがしく
43	熊本県	43103	431036	西区	にしく
43	熊本県	43104	431044	南区	みなみく
43	熊本県	43105	431052	北区	きたく
43	熊本県	43202	432024	八代市	やつしろし
43	熊本県	43203	432032	人吉市	ひとよしし
43	熊本県	43204	432041	荒尾市	あらおし
43	熊本県	43205	432059	水俣市	みなまたし
43	熊本県	43206	432067	玉名市	たまなし
43	熊本県	43208	432083	山鹿市	やまがし
43	熊本県	43210	432105	菊池市	きくちし
43	熊本県	43211	432113	宇土市	うとし
43	熊本県	43212	432121	上天草市	かみあまくさし
43	熊本県	43213	432130	宇城市	うきし
43	熊本県	43214	432148	阿蘇市	あそし
43	熊本県	43215	432156	天草市	あまくさし
43	熊本県	43216	432164	合志市	こうしし
43	熊本県	43348	433489	美里町	みさとまち
43	熊本県	43364	433641	玉東町	ぎょくとうまち
43	熊本県	43367	433675	南関町	なんかんまち
43	熊本県	43368	433683	長洲町	ながすまち
43	熊本県	43369	433691	和水町	なごみまち
43	熊本県	43403	434035	大津町	おおづまち
43	熊本県	43404	434043	菊陽町	きくようまち
43	熊本県	43423	434230	南小国町	みなみおぐにまち
43	熊本県	43424	434248	小国町	おぐにまち
43	熊本県	43425	434256	産山村	うぶやまむら
43	熊本県	43428	434281	高森町	たかもりまち
43	熊本県	43432	434329	西原村	にしはらむら
43	熊本県	43433	434337	南阿蘇村	みなみあそむら
43	熊本県	43441	434418	御船町	みふねまち
43	熊本県	43442	434426	嘉島町	かしままち
43	熊本県	43443	434434	益城町	ましきまち
43	熊本県	43444	434442	甲佐町	こうさまち
43	熊本県	43447	434477	山都町	やまとちょう
43	熊本県	43468	434680	氷川町	ひかわちょう
43	熊本県	43482	434825	芦北町	あしきたまち
43	熊本県	43484	434841	津奈木町	つなぎまち
43	熊本県	43501	435015	錦町	にしきまち
43	熊本県	43505	435058	多良木町	たらぎまち
43	熊本県	43506	435066	湯前町	ゆのまえまち
43	熊本県	43507	435074	水上村	みずかみむら
43	熊本県	43510	435104	相良村	さがらむら
43	熊本県	43511	435112	五木村	いつきむら
43	熊本県	43512	435121	山江村	やまえむら
43	熊本県	43513	435139	球磨村	くまむら
43	熊本県	43514	435147	あさぎり町	あさぎりちょう
43	熊本県	43531	435317	苓北町	れいほくまち
44	大分県	44201	442011	大分市	おおいたし
44	大分県	44202	442020	別府市	べっぷし
44	大分県	44203	442038	中津市	なかつし
44	大分県	44204	442046	日田市	ひたし
44	大分県	44205	442054	佐伯市	さいきし
44	大分県	44206	442062	臼杵市	うすきし
44	大分県	44207	442071	津久見市	つくみし
44	大分県	44208	442089	竹田市	たけたし
44	大分県	44209	442097	豊後高田市	ぶんごたかだし
44	大分県	44210	442101	杵築市	きつきし
44	大分県	44211	442119	宇佐市	うさし
44	大分県	44212	442127	豊後大野市	ぶんごおおのし
44	大分県	44213	442135	由布市	ゆふし
44	大分県	44214	442143	国東市	くにさきし
44	大分県	44322	443221	姫島村	ひめしまむら
44	大分県	44341	443417	日出町	ひじまち
44	大分県	44461	444618	九重町	ここのえまち
44	大分県	44462	444626	玖珠町	くすまち
45	宮崎県	45201	452017	宮崎市	みやざきし
45	宮崎県	45202	452025	都城市	みやこのじょうし
45	宮崎県	45203	452033	延岡市	のべおかし
45	宮崎県	45204	452041	日南市	にちなんし
45	宮崎県	45205	452050	小林市	こばやしし
45	宮崎県	45206	452068	日向市	ひゅうがし
45	宮崎県	45207	452076	串間市	くしまし
45	宮崎県	45208	452084	西都市	さいとし
45	宮崎県	45209	452092	えびの市	えびのし
45	宮崎県	45341	453412	三股町	みまたちょう
45	宮崎県	45361	453617	高原町	たかはるちょう
45	宮崎県	45382	453820	国富町	くにとみちょう
45	宮崎県	45383	453838	綾町	あやちょう
45	宮崎県	45401	454010	高鍋町	たかなべちょう
45	宮崎県	45402	454028	新富町	しんとみちょう
45	宮崎県	45403	454036	西米良村	にしめらそん
45	宮崎県	45404	454044	木城町	きじょうちょう
45	宮崎県	45405	454052	川南町	かわみなみちょう
45	宮崎県	45406	454061	都農町	つのちょう
45	宮崎県	45421	454214	門川町	かどがわちょう
45	宮崎県	45429	454290	諸塚村	もろつかそん
45	宮崎県	45430	454303	椎葉村	しいばそん
45	宮崎県	45431	454311	美郷町	みさとちょう
45	宮崎県	45441	454419	高千穂町	たかちほちょう
45	宮崎県	45442	454427	日之影町	ひのかげちょう
45	宮崎県	45443	454435	五ヶ瀬町	ごかせちょう
46	鹿児島県	46201	462012	鹿児島市	かごしまし
46	鹿児島県	46203	462039	鹿屋市	かのやし
46	鹿児島県	46204	462047	枕崎市	まくらざきし
46	鹿児島県	46206	462063	阿久根市	あくねし
46	鹿児島県	46208	462080	出水市	いずみし
46	鹿児島県	46210	462101	指宿市	いぶすきし
46	鹿児島県	46213	462136	西之表市	にしのおもてし
46	鹿児島県	46214	462144	垂水市	たるみずし
46	鹿児島県	46215	462152	薩摩川内市	さつませんだいし
46	鹿児島県	46216	462161	日置市	ひおきし
46	鹿児島県	46217	462179	曽於市	そおし
46	鹿児島県	46218	462187	霧島市	きりしまし
46	鹿児島県	46219	462195	いちき串木野市	いちきくしきのし
46	鹿児島県	46220	462209	南さつま市	みなみさつまし
46	鹿児島県	46221	462217	志布志市	しぶしし
46	鹿児島県	46222	462225	奄美市	あまみし
46	鹿児島県	46223	462233	南九州市	みなみきゅうしゅうし
46	鹿児島県	46224	462241	伊佐市	いさし
46	鹿児島県	46225	462250	姶良市	あいらし
46	鹿児島県	46303	463035	三島村	みしまむら
46	鹿児島県	46304	463043	十島村	としまむら
46	鹿児島県	46392	463922	さつま町	さつまちょう
46	鹿児島県	46404	464040	長島町	ながしまちょう
46	鹿児島県	46452	464520	湧水町	ゆうすいちょう
46	鹿児島県	46468	464686	大崎町	おおさきちょう
46	鹿児島県	46482	464821	東串良町	ひがしくしらちょう
46	鹿児島県	46490	464902	錦江町	きんこうちょう
46	鹿児島県	46491	464911	南大隅町	みなみおおすみちょう
46	鹿児島県	46492	464929	肝付町	きもつきちょう
46	鹿児島県	46501	465011	中種子町	なかたねちょう
46	鹿児島県	46502	465020	南種子町	みなみたねちょう
46	鹿児島県	46505	465054	屋久島町	やくしまちょう
46	鹿児島県	46523	465232	大和村	やまとそん
46	鹿児島県	46524	465241	宇検村	うけんそん
46	鹿児島県	46525	465259	瀬戸内町	せとうちちょう
46	鹿児島県	46527	465275	龍郷町	たつごうちょう
46	鹿児島県	46529	465291	喜界町	きかいちょう
46	鹿児島県	46530	465305	徳之島町	とくのしまちょう
46	鹿児島県	46531	465313	天城町	あまぎちょう
46	鹿児島県	46532	465321	伊仙町	いせんちょう
46	鹿児島県	46533	465330	和泊町	わどまりちょう
46	鹿児島県	46534	465348	知名町	ちなちょう
46	鹿児島県	46535	465356	与論町	よろんちょう
47	沖縄県	47201	472018	那覇市	なはし
47	沖縄県	47205	472051	宜野湾市	ぎのわんし
47	沖縄県	47207	472077	石垣市	いしがきし
47	沖縄県	47208	472085	浦添市	うらそえし
47	沖縄県	47209	472093	名護市	なごし
47	沖縄県	47210	472107	糸満市	いとまんし
47	沖縄県	47211	472115	沖縄市	おきなわし
47	沖縄県	47212	472123	豊見城市	とみぐすくし
47	沖縄県	47213	472131	うるま市	うるまし
47	沖縄県	47214	472140	宮古島市	みやこじまし
47	沖縄県	47215	472158	南城市	なんじょうし
47	沖縄県	47301	473014	国頭村	くにがみそん
47	沖縄県	47302	473022	大宜味村	おおぎみそん
47	沖縄県	47303	473031	東村	ひがしそん
47	沖縄県	47306	473065	今帰仁村	なきじんそん
47	沖縄県	47308	473081	本部町	もとぶちょう
47	沖縄県	47311	473111	恩納村	おんなそん
47	沖縄県	47313	473138	宜野座村	ぎのざそん
47	沖縄県	47314	473146	金武町	きんちょう
47	沖縄県	47315	473154	伊江村	いえそん
47	沖縄県	47324	473243	読谷村	よみたんそん
47	沖縄県	47325	473251	嘉手納町	かでなちょう
47	沖縄県	47326	473260	北谷町	ちゃたんちょう
47	沖縄県	47327	473278	北中城村	きたなかぐすくそん
47	沖縄県	47328	473286	中城村	なかぐすくそん
47	沖縄県	47329	473294	西原町	にしはらちょう
47	沖縄県	47348	473481	与那原町	よなばるちょう
47	沖縄県	47350	473502	南風原町	はえばるちょう
47	沖縄県	47353	473537	渡嘉敷村	とかしきそん
47	沖縄県	47354	473545	座間味村	ざまみそん
47	沖縄県	47355	473553	粟国村	あぐにそん
47	沖縄県	47356	473561	渡名喜村	となきそん
47	沖縄県	47357	473570	南大東村	みなみだいとうそん
47	沖縄県	47358	473588	北大東村	きただいとうそん
47	沖縄県	47359	473596	伊平屋村	いへやそん
47	沖縄県	47360	473600	伊是名村	いぜなそん
47	沖縄県	47361	473618	久米島町	くめじまちょう
47	沖縄県	47362	473626	八重瀬町	やえせちょう
47	沖縄県	47375	473758	多良間村	たらまそん
47	沖縄県	47381	473812	竹富町	たけとみちょう
47	沖縄県	47382	473821	与那国町	よなぐにちょう
